number	year	rinc_citations	scopus_citations	title	title_ru	title_ru_display	title_en	title_en_source	authors	venue	venue_ru	venue_en	venue_en_source	volume	issue	pages	doi	url	gost_ru	apa_en	sources
	2026			Physical trends and design principles in aliovalent double half-Heusler thermoelectrics from high-throughput computational screening	Physical trends and design principles in aliovalent double half-Heusler thermoelectrics from high-throughput computational screening	Physical trends and design principles in aliovalent double half-Heusler thermoelectrics from high-throughput computational screening	Physical trends and design principles in aliovalent double half-Heusler thermoelectrics from high-throughput computational screening	existing_publication	Danil R. Baigutlin, Vladimir V. Sokolovskiy, Sergey V. Taskaev	Physical Review B	Physical Review B	Physical Review B	existing_publication	114	14		10.1103/bf1b-wyp9	https://doi.org/10.1103/bf1b-wyp9	Danil R. Baigutlin, Vladimir V. Sokolovskiy, Sergey V. Taskaev. Physical trends and design principles in aliovalent double half-Heusler thermoelectrics from high-throughput computational screening. // Physical Review B. — 2026. — Т. 114. — № 14. — DOI: 10.1103/bf1b-wyp9.	Danil R. Baigutlin, Vladimir V. Sokolovskiy, & Sergey V. Taskaev (2026). Physical trends and design principles in aliovalent double half-Heusler thermoelectrics from high-throughput computational screening. Physical Review B, 114(14). https://doi.org/10.1103/bf1b-wyp9	orcid_public_api,crossref_api
2	2025	0		ПРЕДСКАЗАНИЕ УПРУГИХ СВОЙСТВ КРИСТАЛЛИЧЕСКОЙ СТРУКТУРЫ СПЛАВОВ ГЕЙСЛЕРА В РАМКАХ МАШИННОГО ОБУЧЕНИЯ	Предсказание упругих свойств кристаллической структуры сплавов Гейслера в рамках машинного обучения	Предсказание упругих свойств кристаллической структуры сплавов Гейслера в рамках машинного обучения	PREDICTION OF ELASTIC PROPERTIES OF THE CRYSTAL STRUCTURE OF HEUSLER ALLOYS USING MACHINE LEARNING	existing_publication	Моисеев Д.М., Байгутлин Д.Р., Соколовский В.В., Бучельников В.Д.	Челябинский физико-математический журнал	Челябинский физико-математический журнал			10	2	286-296	10.47475/2500-0101-2025-10-2-286-296	https://www.elibrary.ru/item.asp?id=82741704	Моисеев Д.М., Байгутлин Д.Р., Соколовский В.В., Бучельников В.Д. Предсказание упругих свойств кристаллической структуры сплавов Гейслера в рамках машинного обучения. // Челябинский физико-математический журнал. 2025. Т. 10. № 2. С. 286-296. URL: https://www.elibrary.ru/item.asp?id=82741704.	Moiseev, D. M., Baigutlin, D. R., Sokolovskii, V. V., & Buchelnikov, V. D. (2025). Predskazanie uprugikh svoistv kristallicheskoi struktury splavov Geislera v ramkakh mashinnogo obucheniya. Chelyabinskii fiziko-matematicheskii zhurnal, 10(2), 286–296. https://www.elibrary.ru/item.asp?id=82741704	eLibrary/RSCI,openalex_api,elibrary
3	2025	3	4	SYSTEMATIC STUDY OF D0-D KYZ (Y = SC, TI, V, CR, MN, FE, CO, NI, CU, Z = AL, GA, IN, SI, GE, SN, PB, P, AS, SB, BI, S, SE, TE) HEUSLER ALLOYS	Systematic study of d0-d kyz (y = sc, ti, v, cr, mn, fe, co, ni, cu, z = al, ga, in, si, ge, sn, pb, p, as, sb, bi, s, se, te) heusler alloys	Systematic study of d0-d kyz (y = sc, ti, v, cr, mn, fe, co, ni, cu, z = al, ga, in, si, ge, sn, pb, p, as, sb, bi, s, se, te) heusler alloys	SYSTEMATIC STUDY OF D0-D KYZ (Y = SC, TI, V, CR, MN, FE, CO, NI, CU, Z = AL, GA, IN, SI, GE, SN, PB, P, AS, SB, BI, S, SE, TE) HEUSLER ALLOYS	existing_publication	Matyunina M., Baigutlin D., Sokolovskiy V., Buchelnikov V.	Physica B: Condensed Matter	Physica B: Condensed Matter	Physica B: Condensed Matter	existing_publication	697	а	416701-416701	10.1016/j.physb.2024.416701	https://www.elibrary.ru/item.asp?id=80734559	Matyunina M., Baigutlin D., Sokolovskiy V., Buchelnikov V. Systematic study of d0-d kyz (y = sc, ti, v, cr, mn, fe, co, ni, cu, z = al, ga, in, si, ge, sn, pb, p, as, sb, bi, s, se, te) heusler alloys. // Physica B: Condensed Matter. 2025. Т. 697. С. 416701. URL: https://www.elibrary.ru/item.asp?id=80734559.	Matyunina M., Baigutlin D., Sokolovskiy V., & Buchelnikov V. (2025). Systematic study of d0-d kyz (y = sc, ti, v, cr, mn, fe, co, ni, cu, z = al, ga, in, si, ge, sn, pb, p, as, sb, bi, s, se, te) heusler alloys. Physica B: Condensed Matter, 697, 416701. https://www.elibrary.ru/item.asp?id=80734559	eLibrary/RSCI,crossref_api,openalex_api,orcid_public_api,elibrary,scopus
4	2025	0		INSIGHT INTO HALF-METALLICITY, ELECTRONIC STRUCTURE, AND THERMAL TRANSPORT PROPERTIES OF FERHGA 1 − X AS X HEUSLER ALLOYS	Insight into half-metallicity, electronic structure, and thermal transport properties of ferhga 1 − x as x heusler alloys	Insight into half-metallicity, electronic structure, and thermal transport properties of ferhga 1 − x as x heusler alloys	INSIGHT INTO HALF-METALLICITY, ELECTRONIC STRUCTURE, AND THERMAL TRANSPORT PROPERTIES OF FERHGA 1 − X AS X HEUSLER ALLOYS	existing_publication	Pavlukhina O., Sokolovskiy V., Baigutlin D., Buchelnikov V., Zotov I.	Journal of Magnetism and Magnetic Materials	Journal of Magnetism and Magnetic Materials	Journal of Magnetism and Magnetic Materials	existing_publication	629	а	173268-173268	10.1016/j.jmmm.2025.173268	https://www.elibrary.ru/item.asp?id=84675898	Pavlukhina O., Sokolovskiy V., Baigutlin D., Buchelnikov V., Zotov I. Insight into half-metallicity, electronic structure, and thermal transport properties of ferhga 1 − x as x heusler alloys. // Journal of Magnetism and Magnetic Materials. 2025. Т. 629. С. 173268. URL: https://www.elibrary.ru/item.asp?id=84675898.	Pavlukhina O., Sokolovskiy V., Baigutlin D., Buchelnikov V., & Zotov I. (2025). Insight into half-metallicity, electronic structure, and thermal transport properties of ferhga 1 − x as x heusler alloys. Journal of Magnetism and Magnetic Materials, 629, 173268. https://www.elibrary.ru/item.asp?id=84675898	eLibrary/RSCI,openalex_api,elibrary
	2025		2	Insight into half-metallicity, electronic structure, and thermal transport properties of FeRhGa1−xAsx Heusler alloys	Insight into half-metallicity, electronic structure, and thermal transport properties of FeRhGa1−xAsx Heusler alloys	Insight into half-metallicity, electronic structure, and thermal transport properties of FeRhGa1−xAsx Heusler alloys	Insight into half-metallicity, electronic structure, and thermal transport properties of FeRhGa1−xAsx Heusler alloys	existing_publication	Pavlukhina O.	Journal of Magnetism and Magnetic Materials	Journal of Magnetism and Magnetic Materials	Journal of Magnetism and Magnetic Materials	existing_publication	629		173268-173268	10.1016/j.jmmm.2025.173268	https://www.scopus.com/record/display.uri?eid=2-s2.0-105008686251	Pavlukhina O. Insight into half-metallicity, electronic structure, and thermal transport properties of FeRhGa1−xAsx Heusler alloys. // Journal of Magnetism and Magnetic Materials. — 2025. — Т. 629. — С. 173268–173268. — DOI: 10.1016/j.jmmm.2025.173268.	Pavlukhina O. (2025). Insight into half-metallicity, electronic structure, and thermal transport properties of FeRhGa1−xAsx Heusler alloys. Journal of Magnetism and Magnetic Materials, 629, 173268–173268. https://doi.org/10.1016/j.jmmm.2025.173268	scopus,openalex_api
	2025		0	PREDICTION OF ELASTIC PROPERTIES OF THE CRYSTAL STRUCTURE OF HEUSLER ALLOYS USING MACHINE LEARNING	PREDICTION OF ELASTIC PROPERTIES OF THE CRYSTAL STRUCTURE OF HEUSLER ALLOYS USING MACHINE LEARNING	PREDICTION OF ELASTIC PROPERTIES OF THE CRYSTAL STRUCTURE OF HEUSLER ALLOYS USING MACHINE LEARNING	PREDICTION OF ELASTIC PROPERTIES OF THE CRYSTAL STRUCTURE OF HEUSLER ALLOYS USING MACHINE LEARNING	existing_publication	Moiseev D.M.	Chelyabinsk Physical and Mathematical Journal	Chelyabinsk Physical and Mathematical Journal	Chelyabinsk Physical and Mathematical Journal	existing_publication	10	2	286–296	10.47475/2500-0101-2025-10-2-286-296	https://www.scopus.com/record/display.uri?eid=2-s2.0-105025371113	Moiseev D.M. PREDICTION OF ELASTIC PROPERTIES OF THE CRYSTAL STRUCTURE OF HEUSLER ALLOYS USING MACHINE LEARNING. // Chelyabinsk Physical and Mathematical Journal. — 2025. — Т. 10. — № 2. — С. 286–296. — DOI: 10.47475/2500-0101-2025-10-2-286-296.	Moiseev, D. M. (2025). PREDICTION OF ELASTIC PROPERTIES OF THE CRYSTAL STRUCTURE OF HEUSLER ALLOYS USING MACHINE LEARNING. Chelyabinsk Physical and Mathematical Journal, 10(2), 286–296. https://doi.org/10.47475/2500-0101-2025-10-2-286-296	scopus
5	2024	0		ТЕРМОЭЛЕКТРИЧЕСКИЕ СВОЙСТВА СПЛАВОВ ГЕЙСЛЕРА НА ОСНОВЕ ЩЕЛОЧНЫХ МЕТАЛЛОВ	Термоэлектрические свойства сплавов Гейслера на основе щелочных металлов	Термоэлектрические свойства сплавов Гейслера на основе щелочных металлов	Thermoelectric properties of Geisler alloys based on alkali metals	argos_translate_ru_en	Матюнина М.В., Байгутлин Д.Р., Соколовский В.В., Бучельников В.Д.	Ы	Ы			FROM ATOMISTIC TO MACRO	22-12-20032	5-6		https://www.elibrary.ru/item.asp?id=68641010	Матюнина М.В., Байгутлин Д.Р., Соколовский В.В., Бучельников В.Д. Термоэлектрические свойства сплавов Гейслера на основе щелочных металлов. // В сборнике: АтоМ: FROM ATOMISTIC TO MACRO. Сборник тезисов первой всероссийской школы-семинара по компьютерному моделированию. Челябинск, 2024. С. 5-6. URL: https://www.elibrary.ru/item.asp?id=68641010.	Matyunina, M. V., Baigutlin, D. R., Sokolovskii, V. V., & Buchelnikov, V. D. (2024). Termoelektricheskie svoistva splavov Geislera na osnove shchelochnykh metallov. V sbornike: AtoM: FROM ATOMISTIC TO MACRO. Sbornik tezisov pervoi vserossiiskoi shkoly-seminara po kompyuternomu modelirovaniyu. Chelyabinsk,, 5–6. https://www.elibrary.ru/item.asp?id=68641010	eLibrary/RSCI,elibrary
6	2024	0		ТЕРМОЭЛЕКТРИЧЕСКИЕ СВОЙСТВА ДВОЙНОГО ПОЛУСПЛАВА ГЕЙСЛЕРА TI 2 MNNISI 2	Термоэлектрические свойства двойного полусплава Гейслера ti 2 mnnisi 2	Термоэлектрические свойства двойного полусплава Гейслера ti 2 mnnisi 2	Thermoelectric properties of Geisler double alloy ti 2 mnnisi 2	argos_translate_ru_en	Матюнина М.В., Байгутлин Д.Р., Загребин М.А., Соколовский В.В., Бучельников В.Д.	Ы	Ы			обменно-корреляционных взаимодействий в приближении обобщенного градиента в формулировке PBE [3]...	22-1220032	130-132		https://www.elibrary.ru/item.asp?id=74520946	Матюнина М.В., Байгутлин Д.Р., Загребин М.А., Соколовский В.В., Бучельников В.Д. Термоэлектрические свойства двойного полусплава Гейслера ti 2 mnnisi 2. // В сборнике: Дни калорики в Башкортостане: функциональные материалы и их приложения. Сборник тезисов Пятого научного семинара. Челябинск, 2024. С. 130-132. URL: https://www.elibrary.ru/item.asp?id=74520946.	Matyunina, M. V., Baigutlin, D. R., Zagrebin, M. A., Sokolovskii, V. V., & Buchelnikov, V. D. (2024). Termoelektricheskie svoistva dvoinogo polusplava Geislera ti 2 mnnisi 2. V sbornike: Dni kaloriki v Bashkortostane: funktsionalnye materialy i ikh prilozheniya. Sbornik tezisov Pyatogo nauchnogo seminara. Chelyabinsk,, 130–132. https://www.elibrary.ru/item.asp?id=74520946	eLibrary/RSCI,elibrary
7	2024	0		ПРОГНОЗИРОВАНИЕ МЕХАНИЧЕСКИХ ХАРАКТЕРИСТИК СПЛАВОВ ГЕЙСЛЕРА С ПОМОЩЬЮ ТЕХНОЛОГИЙ МАШИННОГО ОБУЧЕНИЯ	Прогнозирование механических характеристик сплавов Гейслера с помощью технологий машинного обучения	Прогнозирование механических характеристик сплавов Гейслера с помощью технологий машинного обучения	Prediction of mechanical characteristics of Geisler alloys using machine learning technologies	argos_translate_ru_en	Моисеев Д.М., Соколовский В.В., Байгутлин Д.Р.	Ы	Ы			107	24-12-20016)	128-129		https://www.elibrary.ru/item.asp?id=74520945	Моисеев Д.М., Соколовский В.В., Байгутлин Д.Р. Прогнозирование механических характеристик сплавов Гейслера с помощью технологий машинного обучения. // В сборнике: Дни калорики в Башкортостане: функциональные материалы и их приложения. Сборник тезисов Пятого научного семинара. Челябинск, 2024. С. 128-129. URL: https://www.elibrary.ru/item.asp?id=74520945.	Moiseev, D. M., Sokolovskii, V. V., & Baigutlin, D. R. (2024). Prognozirovanie mekhanicheskikh kharakteristik splavov Geislera s pomoshchyu tekhnologii mashinnogo obucheniya. V sbornike: Dni kaloriki v Bashkortostane: funktsionalnye materialy i ikh prilozheniya. Sbornik tezisov Pyatogo nauchnogo seminara. Chelyabinsk,, 128–129. https://www.elibrary.ru/item.asp?id=74520945	eLibrary/RSCI,elibrary
8	2024	0		ПРЕДСКАЗАНИЕ УПРУГИХ СВОЙСТВ СПЛАВОВ ГЕЙСЛЕРА, ПОЛНОСТЬЮ СОСТОЯЩИХ ИЗ ПЕРЕХОДНЫХ МЕТАЛЛОВ, В РАМКАХ МАШИННОГО ОБУЧЕНИЯ	Предсказание упругих свойств сплавов Гейслера, полностью состоящих из переходных металлов, в рамках машинного обучения	Предсказание упругих свойств сплавов Гейслера, полностью состоящих из переходных металлов, в рамках машинного обучения	Predicting the elastic properties of Geisler alloys composed entirely of transition metals in machine learning	argos_translate_ru_en	Моисеев Д.М., Соколовский В.В., Байгутлин Д.Р.	Ы	Ы					160-162		https://www.elibrary.ru/item.asp?id=72567426	Моисеев Д.М., Соколовский В.В., Байгутлин Д.Р. Предсказание упругих свойств сплавов Гейслера, полностью состоящих из переходных металлов, в рамках машинного обучения. // В сборнике: Новое в Магнетизме и Магнитных Материалах. Сборник докладов XXV Международной конференции. Москва, 2024. С. 160-162. URL: https://www.elibrary.ru/item.asp?id=72567426.	Moiseev, D. M., Sokolovskii, V. V., & Baigutlin, D. R. (2024). Predskazanie uprugikh svoistv splavov Geislera, polnostyu sostoyashchikh iz perekhodnykh metallov, v ramkakh mashinnogo obucheniya. V sbornike: Novoe v Magnetizme i Magnitnykh Materialakh. Sbornik dokladov XXV Mezhdunarodnoi konferentsii. Moskva,, 160–162. https://www.elibrary.ru/item.asp?id=72567426	eLibrary/RSCI,elibrary
9	2024	0		ПЕРВОПРИНЦИПНЫЕ ИССЛЕДОВАНИЯ ЭЛЕКТРОННЫХ СВОЙСТВ ПОЛОВИННЫХ СПЛАВОВ ГЕЙСЛЕРА XYZ	Первопринципные исследования электронных свойств половинных сплавов Гейслера xyz	Первопринципные исследования электронных свойств половинных сплавов Гейслера xyz	Primary studies of the electronic properties of half-alloys of Geisler xyz	argos_translate_ru_en	Бутова Ю.Н., Байгутлин Д.Р., Загребин М.А.	Ы	Ы			122	12	45-46		https://www.elibrary.ru/item.asp?id=65441032	Бутова Ю.Н., Байгутлин Д.Р., Загребин М.А. Первопринципные исследования электронных свойств половинных сплавов Гейслера xyz. // В сборнике: Образование магистров: проблемы и перспективы развития. Тезисы докладов VII Всероссийской конференции. Челябинск, 2024. С. 45-46. URL: https://www.elibrary.ru/item.asp?id=65441032.	Butova Yu.N., Baigutlin, D. R., & Zagrebin, M. A. (2024). Pervoprintsipnye issledovaniya elektronnykh svoistv polovinnykh splavov Geislera xyz. V sbornike: Obrazovanie magistrov: problemy i perspektivy razvitiya. Tezisy dokladov VII Vserossiiskoi konferentsii. Chelyabinsk,, 45–46. https://www.elibrary.ru/item.asp?id=65441032	eLibrary/RSCI,elibrary
10	2024	0		ОБМЕННО-КОРРЕЛЯЦИОННЫЕ ЭФФЕКТЫ В СИЛЬНО КОРРЕЛИРОВАННЫХ СПЛАВАХ ГЕЙСЛЕРА	Обменно-корреляционные эффекты в сильно коррелированных сплавах Гейслера	Обменно-корреляционные эффекты в сильно коррелированных сплавах Гейслера	Exchange-correlational effects in highly correlated Geisler alloys	argos_translate_ru_en	Байгутлин Д.Р.	Ы	Ы			, что полученные результаты могут быть использованы для дальнейшего улучшения предсказательной силы функционала SCAN и для разработки новых функционалов. Кроме того, результаты расчетов могут быть также применены для создания новых функциональных материалов, в частности для устройств спинтроники и магнитных актуаторов. Результаты работы могут служить основой для экспериментального синтеза новых материалов и дальнейших теоретических исследований в области теории функционала плотности. Научная новизна работы заключается в том, что впервые было получено полуметаллическое состояние и оценена ширина запрещенной зоны в рамках полу-локального функционала без использования параметрического подхода DFT+U для полных сплавов Гейслера...	государственной регистрации:			https://www.elibrary.ru/item.asp?id=74044821	"Байгутлин Д.Р. Обменно-корреляционные эффекты в сильно коррелированных сплавах Гейслера. // диссертация на соискание ученой степени кандидата физико-математических наук / ФЕДЕРАЛЬНОЕ ГОСУДАРСТВЕННОЕ БЮДЖЕТНОЕ ОБРАЗОВАТЕЛЬНОЕ УЧРЕЖДЕНИЕ ВЫСШЕГО ОБРАЗОВАНИЯ ""ЧЕЛЯБИНСКИЙ ГОСУДАРСТВЕННЫЙ УНИВЕРСИТЕТ"". 2024. URL: https://www.elibrary.ru/item.asp?id=74044821."	"Baigutlin, D. R. (2024). Obmenno-korrelyatsionnye effekty v silno korrelirovannykh splavakh Geislera. dissertatsiya na soiskanie uchenoi stepeni kandidata fiziko-matematicheskikh nauk / FEDERALNOE GOSUDARSTVENNOE BYuDZhETNOE OBRAZOVATELNOE UChREZhDENIE VYSShEGO OBRAZOVANIYa ""ChELYaBINSKII GOSUDARSTVENNYI UNIVERSITET"". https://www.elibrary.ru/item.asp?id=74044821"	eLibrary/RSCI,elibrary
11	2024	1		THERMOELECTRIC PROPERTIES OF DOUBLE HALF-HEUSLER TI 2 MNNISI 2 ALLOY	Thermoelectric properties of double half-heusler ti 2 mnnisi 2 alloy	Thermoelectric properties of double half-heusler ti 2 mnnisi 2 alloy	THERMOELECTRIC PROPERTIES OF DOUBLE HALF-HEUSLER TI 2 MNNISI 2 ALLOY	existing_publication	Matyunina M.V., Baigutlin D.R., Zagrebin M.A., Sokolovskiy V.V., Buchelnikov V.D.	The Physics of Metals and Metallography	Physics of Metals and Metallography	The Physics of Metals and Metallography	existing_publication	125	14	1885-1893	10.1134/s0031918x24602622	https://www.elibrary.ru/item.asp?id=80407909	Matyunina M.V., Baigutlin D.R., Zagrebin M.A., Sokolovskiy V.V., Buchelnikov V.D. Thermoelectric properties of double half-heusler ti 2 mnnisi 2 alloy. // Physics of Metals and Metallography. 2024. Т. 125. № 14. С. 1885-1893. URL: https://www.elibrary.ru/item.asp?id=80407909.	Matyunina, M. V., Baigutlin, D. R., Zagrebin, M. A., Sokolovskiy, V. V., & Buchelnikov, V. D. (2024). Thermoelectric properties of double half-heusler ti 2 mnnisi 2 alloy. Physics of Metals and Metallography, 125(14), 1885–1893. https://www.elibrary.ru/item.asp?id=80407909	eLibrary/RSCI,openalex_api,elibrary
12	2024	3		The theoretical approach for description of magnetic properties and magnetocaloric effect in all-d-metal Heusler alloys Ni2−xCoxMn1.25Ti0.75	The theoretical approach for description of magnetic properties and magnetocaloric effect in all-d-metal Heusler alloys Ni2−xCoxMn1.25Ti0.75	The theoretical approach for description of magnetic properties and magnetocaloric effect in all-d-metal Heusler alloys Ni2−xCoxMn1.25Ti0.75	The theoretical approach for description of magnetic properties and magnetocaloric effect in all-d-metal Heusler alloys Ni2−xCoxMn1.25Ti0.75	existing_publication	Sokolovskiy V.V., Matyunina M.V., Baigutlin D.R., Buchelnikov V.D., Taskaev S.V.	Journal of Applied Physics	Journal of Applied Physics	Journal of Applied Physics	existing_publication	136	21		10.1063/5.0236017	https://www.elibrary.ru/item.asp?id=79743680	Sokolovskiy V.V., Matyunina M.V., Baigutlin D.R., Buchelnikov V.D., Taskaev S.V. The theoretical approach for description of magnetic properties and magnetocaloric effect in all-d-metal Heusler alloys Ni2−xCoxMn1.25Ti0.75. // Journal of Applied Physics. 2024. Vol. 136. No. 21. Article 215101. DOI: 10.1063/5.0236017.	Sokolovskiy, V. V., Matyunina, M. V., Baigutlin, D. R., Buchelnikov, V. D., & Taskaev, S. V. (2024). The theoretical approach for description of magnetic properties and magnetocaloric effect in all-d-metal Heusler alloys Ni2−xCoxMn1.25Ti0.75. Journal of Applied Physics, 136(21). https://doi.org/10.1063/5.0236017	DOI,eLibrary/RSCI,crossref_api,openalex_api,orcid_public_api,elibrary
13	2024	3	6	Machine learning algorithms for optimization of magnetocaloric effect in all-d-metal Heusler alloys	Machine learning algorithms for optimization of magnetocaloric effect in all-d-metal Heusler alloys	Machine learning algorithms for optimization of magnetocaloric effect in all-d-metal Heusler alloys	Machine learning algorithms for optimization of magnetocaloric effect in all-d-metal Heusler alloys	existing_publication	Baigutlin D.R., Sokolovskiy V.V., Buchelnikov V.D., Taskaev S.V.	Journal of Applied Physics	Journal of Applied Physics	Journal of Applied Physics	existing_publication	136	18	2021	10.1063/5.0236335	https://www.elibrary.ru/item.asp?id=78881723	Baigutlin D.R., Sokolovskiy V.V., Buchelnikov V.D., Taskaev S.V. Machine learning algorithms for optimization of magnetocaloric effect in all-d-metal Heusler alloys. // Journal of Applied Physics. 2024. Vol. 136. No. 18. Article 183903. DOI: 10.1063/5.0236335.	Baigutlin, D. R., Sokolovskiy, V. V., Buchelnikov, V. D., & Taskaev, S. V. (2024). Machine learning algorithms for optimization of magnetocaloric effect in all-d-metal Heusler alloys. Journal of Applied Physics, 136(18). https://doi.org/10.1063/5.0236335	DOI,eLibrary/RSCI,crossref_api,openalex_api,orcid_public_api,elibrary,scopus
	2024			Machine Learning algorithms for optimization of magnetocaloric effect in all-d-metal Heusler alloys	Machine Learning algorithms for optimization of magnetocaloric effect in all-d-metal Heusler alloys	Machine Learning algorithms for optimization of magnetocaloric effect in all-d-metal Heusler alloys	Machine Learning algorithms for optimization of magnetocaloric effect in all-d-metal Heusler alloys	existing_publication	Baigutlin, Danil, Sokolovskiy, Vladimir, Buchelnikov, Vasiliy, Taskaev, Sergey	arXiv (Cornell University)	arXiv (Cornell University)	arXiv (Cornell University)	existing_publication				10.48550/arxiv.2409.14370	https://openalex.org/W4403783022	Baigutlin, Danil, Sokolovskiy, Vladimir, Buchelnikov, Vasiliy, Taskaev, Sergey. Machine Learning algorithms for optimization of magnetocaloric effect in all-d-metal Heusler alloys. // arXiv (Cornell University). — 2024. — DOI: 10.48550/arxiv.2409.14370.	Baigutlin, Danil, Sokolovskiy, Vladimir, Buchelnikov, Vasiliy, Taskaev, & Sergey (2024). Machine Learning algorithms for optimization of magnetocaloric effect in all-d-metal Heusler alloys. arXiv (Cornell University). https://doi.org/10.48550/arxiv.2409.14370	openalex_api
	2024			Systematic Study of D0-D Kyz (Y = Sc, Ti, V, Cr, Mn, Fe, Co, Ni, Cu, Z = Al, Ga, in, Si, Ge, Sn, Pb, P, as, Sb, Bi, S, Se, Te) Heusler Alloys	Systematic Study of D0-D Kyz (Y = Sc, Ti, V, Cr, Mn, Fe, Co, Ni, Cu, Z = Al, Ga, in, Si, Ge, Sn, Pb, P, as, Sb, Bi, S, Se, Te) Heusler Alloys	Systematic Study of D0-D Kyz (Y = Sc, Ti, V, Cr, Mn, Fe, Co, Ni, Cu, Z = Al, Ga, in, Si, Ge, Sn, Pb, P, as, Sb, Bi, S, Se, Te) Heusler Alloys	Systematic Study of D0-D Kyz (Y = Sc, Ti, V, Cr, Mn, Fe, Co, Ni, Cu, Z = Al, Ga, in, Si, Ge, Sn, Pb, P, as, Sb, Bi, S, Se, Te) Heusler Alloys	existing_publication	Maria V. Matyunina, Danil Baigutlin, Vladimir Sokolovskiy, Vasiliy Buchelnikov	SSRN Electronic Journal	SSRN Electronic Journal	SSRN Electronic Journal	existing_publication				10.2139/ssrn.4927796	https://doi.org/10.2139/ssrn.4927796	Maria V. Matyunina, Danil Baigutlin, Vladimir Sokolovskiy, Vasiliy Buchelnikov. Systematic Study of D0-D Kyz (Y = Sc, Ti, V, Cr, Mn, Fe, Co, Ni, Cu, Z = Al, Ga, in, Si, Ge, Sn, Pb, P, as, Sb, Bi, S, Se, Te) Heusler Alloys. // SSRN Electronic Journal. — 2024. — DOI: 10.2139/ssrn.4927796.	Maria V. Matyunina, Danil Baigutlin, Vladimir Sokolovskiy, & Vasiliy Buchelnikov (2024). Systematic Study of D0-D Kyz (Y = Sc, Ti, V, Cr, Mn, Fe, Co, Ni, Cu, Z = Al, Ga, in, Si, Ge, Sn, Pb, P, as, Sb, Bi, S, Se, Te) Heusler Alloys. SSRN Electronic Journal. https://doi.org/10.2139/ssrn.4927796	orcid_public_api,crossref_api,openalex_api
	2024		2	Thermoelectric Properties of Double Half-Heusler Ti2MnNiSi2 Alloy	Thermoelectric Properties of Double Half-Heusler Ti2MnNiSi2 Alloy	Thermoelectric Properties of Double Half-Heusler Ti2MnNiSi2 Alloy	Thermoelectric Properties of Double Half-Heusler Ti2MnNiSi2 Alloy	existing_publication	Matyunina M.V.	Physics of Metals and Metallography	Physics of Metals and Metallography	Physics of Metals and Metallography	existing_publication	125	14	1885-1893	10.1134/s0031918x24602622	https://www.scopus.com/record/display.uri?eid=2-s2.0-85219755503	Matyunina M.V. Thermoelectric Properties of Double Half-Heusler Ti2MnNiSi2 Alloy. // Physics of Metals and Metallography. — 2024. — Т. 125. — № 14. — С. 1885–1893. — DOI: 10.1134/s0031918x24602622.	Matyunina, M. V. (2024). Thermoelectric Properties of Double Half-Heusler Ti2MnNiSi2 Alloy. Physics of Metals and Metallography, 125(14), 1885–1893. https://doi.org/10.1134/s0031918x24602622	scopus,openalex_api
14	2023	0		Современное состояние исследований свойств магнитных материалов в рамках теории функционала плотности	Современное состояние исследований свойств магнитных материалов в рамках теории функционала плотности	Современное состояние исследований свойств магнитных материалов в рамках теории функционала плотности	Current state of research of properties of magnetic materials within the framework of density functional theory	argos_translate_ru_en	Соколовский В.В., Байгутлин Д.Р., Мирошкина О.Н., Бучельников В.Д.							15–17		https://www.elibrary.ru/item.asp?id=54314962	Соколовский В.В., Байгутлин Д.Р., Мирошкина О.Н., Бучельников В.Д. Современное состояние исследований свойств магнитных материалов в рамках теории функционала плотности. // В сборнике: Дни калорики в Дагестане: функциональные материалы и их приложения. Сборник тезисов. Челябинск, 2023. С. 15-17. URL: https://www.elibrary.ru/item.asp?id=54314962.	Sokolovskii, V. V., Baigutlin, D. R., Miroshkina, O. N., & Buchelnikov, V. D. (2023). Sovremennoe sostoyanie issledovanii svoistv magnitnykh materialov v ramkakh teorii funktsionala plotnosti. V sbornike: Dni kaloriki v Dagestane: funktsionalnye materialy i ikh prilozheniya. Sbornik tezisov. Chelyabinsk,, 15–17. https://www.elibrary.ru/item.asp?id=54314962	eLibrary/RSCI
15	2023	0		СОВРЕМЕННОЕ СОСТОЯНИЕ ИССЛЕДОВАНИЙ СВОЙСТВ МАГНИТНЫХ МАТЕРИАЛОВ В РАМКАХ ТЕОРИИ ФУНКЦИОНАЛА ПЛОТНОСТИ	Современное состояние исследований свойств магнитных материалов в рамках теории функционала плотности	Современное состояние исследований свойств магнитных материалов в рамках теории функционала плотности	Current state of research of properties of magnetic materials within the framework of density functional theory	argos_translate_ru_en	Соколовский В.В., Байгутлин Д.Р., Мирошкина О.Н., Бучельников В.Д.	Ы	Ы	Metals	crossref_api	13	075-01493-23-00	15-17	10.3390/met13040728	https://www.elibrary.ru/item.asp?id=54314104	Соколовский В.В., Байгутлин Д.Р., Мирошкина О.Н., Бучельников В.Д. Современное состояние исследований свойств магнитных материалов в рамках теории функционала плотности. // В сборнике: ДНИ КАЛОРИКИ В ДАГЕСТАНЕ: ФУНКЦИОНАЛЬНЫЕ МАТЕРИАЛЫ И ИХ ПРИЛОЖЕНИЯ. сборник тезисов. Челябинск, 2023. С. 15-17. URL: https://www.elibrary.ru/item.asp?id=54314104.	Sokolovskii, V. V., Baigutlin, D. R., Miroshkina, O. N., & Buchelnikov, V. D. (2023). Sovremennoe sostoyanie issledovanii svoistv magnitnykh materialov v ramkakh teorii funktsionala plotnosti. V sbornike: DNI KALORIKI V DAGESTANE: FUNKTsIONALNYE MATERIALY I IKh PRILOZhENIYa. sbornik tezisov. Chelyabinsk,, 15–17. https://www.elibrary.ru/item.asp?id=54314104	eLibrary/RSCI,elibrary
16	2023	0		Полуметаллические свойства тонких пленок полусплавов Гейслера	Полуметаллические свойства тонких пленок полусплавов Гейслера	Полуметаллические свойства тонких пленок полусплавов Гейслера	Semi-metallic properties of thin films of Heisler semialloys	argos_translate_ru_en	Байгутлин Д.Р., Бутова Ю.Н., Бучельников В.Д., Соколовский В.В.							31–33		https://www.elibrary.ru/item.asp?id=54314989	Байгутлин Д.Р., Бутова Ю.Н., Бучельников В.Д., Соколовский В.В. Полуметаллические свойства тонких пленок полусплавов Гейслера. // В сборнике: Дни калорики в Дагестане: функциональные материалы и их приложения. Сборник тезисов. Челябинск, 2023. С. 31-33. URL: https://www.elibrary.ru/item.asp?id=54314989.	Baigutlin, D. R., Butova Yu.N., Buchelnikov, V. D., & Sokolovskii, V. V. (2023). Polumetallicheskie svoistva tonkikh plenok polusplavov Geislera. V sbornike: Dni kaloriki v Dagestane: funktsionalnye materialy i ikh prilozheniya. Sbornik tezisov. Chelyabinsk,, 31–33. https://www.elibrary.ru/item.asp?id=54314989	eLibrary/RSCI
17	2023	0		ПОЛУМЕТАЛЛИЧЕСКИЕ СВОЙСТВА ТОНКИХ ПЛЕНОК ПОЛУСПЛАВОВ ГЕЙСЛЕРА	Полуметаллические свойства тонких пленок полусплавов Гейслера	Полуметаллические свойства тонких пленок полусплавов Гейслера	Semi-metallic properties of thin films of Heisler semialloys	argos_translate_ru_en	Байгутлин Д.Р., Бутова Ю.Н., Бучельников В.Д., Соколовский В.В.	Ы	Ы				22-12-20032	31-33		https://www.elibrary.ru/item.asp?id=54314112	Байгутлин Д.Р., Бутова Ю.Н., Бучельников В.Д., Соколовский В.В. Полуметаллические свойства тонких пленок полусплавов Гейслера. // В сборнике: ДНИ КАЛОРИКИ В ДАГЕСТАНЕ: ФУНКЦИОНАЛЬНЫЕ МАТЕРИАЛЫ И ИХ ПРИЛОЖЕНИЯ. сборник тезисов. Челябинск, 2023. С. 31-33. URL: https://www.elibrary.ru/item.asp?id=54314112.	Baigutlin, D. R., Butova Yu.N., Buchelnikov, V. D., & Sokolovskii, V. V. (2023). Polumetallicheskie svoistva tonkikh plenok polusplavov Geislera. V sbornike: DNI KALORIKI V DAGESTANE: FUNKTsIONALNYE MATERIALY I IKh PRILOZhENIYa. sbornik tezisov. Chelyabinsk,, 31–33. https://www.elibrary.ru/item.asp?id=54314112	eLibrary/RSCI,elibrary
18	2023	0		ОСОБЕННОСТИ НАНОДВОЙНИКОВЫХ СТРУКТУР В СПЛАВАХ ГЕЙСЛЕРА NI 2 MN 1,5 IN 0,5 И NI 2 MN 1,75 IN 0,25	Особенности нанодвойниковых структур в сплавах Гейслера ni 2 mn 1,5 in 0,5 и ni 2 mn 1,75 in 0,25	Особенности нанодвойниковых структур в сплавах Гейслера ni 2 mn 1,5 in 0,5 и ni 2 mn 1,75 in 0,25	PECULIARITIES OF NANOTWIN STRUCTURES IN NI2MN1,5IN0,5 AND NI2MN1,75IN0,25 HEUSLER ALLOYS	existing_publication	Ерагер К.Р., Байгутлин Д.Р., Соколовский В.В., Бучельников В.Д.	"Bulletin of the South Ural State University series ""Mathematics. Mechanics. Physics"""	Вестник Южно-Уральского государственного университета. Серия: Математика. Механика. Физика	"Bulletin of the South Ural State University series ""Mathematics. Mechanics. Physics"""	existing_publication	15	2	48-58	10.14529/mmph230207	https://www.elibrary.ru/item.asp?id=53327663	Ерагер К.Р., Байгутлин Д.Р., Соколовский В.В., Бучельников В.Д. Особенности нанодвойниковых структур в сплавах Гейслера ni 2 mn 1,5 in 0,5 и ni 2 mn 1,75 in 0,25. // Вестник Южно-Уральского государственного университета. Серия: Математика. Механика. Физика. 2023. Т. 15. № 2. С. 48-58. URL: https://www.elibrary.ru/item.asp?id=53327663.	Erager, K. R., Baigutlin, D. R., Sokolovskii, V. V., & Buchelnikov, V. D. (2023). Osobennosti nanodvoinikovykh struktur v splavakh Geislera ni 2 mn 1,5 in 0,5 i ni 2 mn 1,75 in 0,25. Vestnik Yuzhno-Uralskogo gosudarstvennogo universiteta. Seriya: Matematika. Mekhanika. Fizika, 15(2), 48–58. https://www.elibrary.ru/item.asp?id=53327663	eLibrary/RSCI,crossref_api,openalex_api,orcid_public_api,elibrary
19	2023	3		О ВОЗМОЖНОСТИ ПОЛУМЕТАЛЛИЧЕСКИХ СВОЙСТВ В ФЕРРОМАГНИТНЫХ СПЛАВАХ ГЕЙСЛЕРА FE 2 RHZ (Z = AL, SI, GA, GE, IN, SN)	О возможности полуметаллических свойств в ферромагнитных сплавах Гейслера fe 2 rhz (z = al, si, ga, ge, in, sn)	О возможности полуметаллических свойств в ферромагнитных сплавах Гейслера fe 2 rhz (z = al, si, ga, ge, in, sn)	On the Possible Half-Metallic Properties of Fe2RhZ (Z = Al, Si, Ga, Ge, In, Sn) Ferromagnetic Heusler Alloys	existing_publication	Ерагер К.Р., Байгутлин Д.Р., Соколовский В.В., Бучельников В.Д.	Радиотехника и электроника	Радиотехника и электроника			68	4	326-337	10.31857/s0033849423040010	https://www.elibrary.ru/item.asp?id=50773463	Ерагер К.Р., Байгутлин Д.Р., Соколовский В.В., Бучельников В.Д. О возможности полуметаллических свойств в ферромагнитных сплавах Гейслера fe 2 rhz (z = al, si, ga, ge, in, sn). // Радиотехника и электроника. 2023. Т. 68. № 4. С. 326-337. URL: https://www.elibrary.ru/item.asp?id=50773463.	Erager, K. R., Baigutlin, D. R., Sokolovskii, V. V., & Buchelnikov, V. D. (2023). O vozmozhnosti polumetallicheskikh svoistv v ferromagnitnykh splavakh Geislera fe 2 rhz (z = al, si, ga, ge, in, sn). Radiotekhnika i elektronika, 68(4), 326–337. https://www.elibrary.ru/item.asp?id=50773463	eLibrary/RSCI,openalex_api,elibrary
20	2023	0		ИССЛЕДОВАНИЯ ИЗ ПЕРВЫХ ПРИНЦИПОВ ПОЛУМЕТАЛЛИЧЕСКИХ ФЕРРОМАГНИТНЫХ СПЛАВОВ ГЕЙСЛЕРА TI2VZ (Z= AL, GA, IN, SI, GE, SN) Раев А.А., Саносян А.А., Байгутлин Д.Р., Ерагер К.Р., Соколовский В.В., Бучельников В.Д. В сборнике: ДНИ КАЛОРИКИ В ДАГЕСТАНЕ: ФУНКЦИОНАЛЬНЫЕ МАТЕРИАЛЫ И ИХ ПРИЛОЖЕНИЯ. Сборник тезисов. Челябинск, 2023. С. 101-103.	Исследования из первых принципов полуметаллических ферромагнитных сплавов Гейслера ti2vz (z= al, ga, in, si, ge, sn) раев а. а. , саносян а. а. , байгутлин д. р. , ерагер к. р. , соколовский в. в. , бучельников в. д. в сборнике: дни калорики в дагестане: функциональные материалы и их приложения. сборник тезисов. челябинск, 2023. с. 101-103.	Исследования из первых принципов полуметаллических ферромагнитных сплавов Гейслера ti2vz (z= al, ga, in, si, ge, sn) раев а. а. , саносян а. а. , байгутлин д. р. , ерагер к. р. , соколовский в. в. , бучельников в. д. в сборнике: дни калорики в дагестане: функциональные материалы и их приложения. сборник тезисов. челябинск, 2023. с. 101-103.	Studies from the first principles of semi-metallic ferromagnetic alloys of Geisler ti2vz (z= al, ga, in, si, ge, sn) rays a. a., sanosyan a. a., baygutlin d. r., erager k. r., Sokolovsky V. , bachelliki in the collection: days of calorics in Dagestan: functional materials and their applications. abstract book. Chelyabinsk, 2023. pp. 101-103.	argos_translate_ru_en										https://www.elibrary.ru/item.asp?id=54315039	Исследования из первых принципов полуметаллических ферромагнитных сплавов Гейслера ti2vz (z= al, ga, in, si, ge, sn) раев а. а. , саносян а. а. , байгутлин д. р. , ерагер к. р. , соколовский в. в. , бучельников в. д. в сборнике: дни калорики в дагестане: функциональные материалы и их приложения. сборник тезисов. челябинск, 2023. с. 101-103. // Z= AL, GA, IN, SI, GE, SN) Раев А.А., Саносян А.А., Байгутлин Д.Р., Ерагер К.Р., Соколовский В.В., Бучельников В.Д. В сборнике: ДНИ КАЛОРИКИ В ДАГЕСТАНЕ: ФУНКЦИОНАЛЬНЫЕ МАТЕРИАЛЫ И ИХ ПРИЛОЖЕНИЯ. сборник тезисов. Челябинск, 2023. С. 101-103. URL: https://www.elibrary.ru/item.asp?id=54315039.	Baigutlin, D. R. (2023). Issledovaniya iz pervykh printsipov polumetallicheskikh ferromagnitnykh splavov Geislera ti2vz (z= al, ga, in, si, ge, sn) raev a. a., sanosyan a. a., baigutlin d. r., erager k. r., sokolovskii v. v., buchelnikov v. d. v sbornike: dni kaloriki v dagestane: funktsionalnye materialy i ikh prilozheniya. sbornik tezisov. chelyabinsk, 2023. s. 101-103. Z= AL, GA, IN, SI, GE, SN) Raev A.A., Sanosyan A.A., Baigutlin D.R., Erager K.R., Sokolovskii V.V., Buchelnikov V.D. V sbornike: DNI KALORIKI V DAGESTANE: FUNKTsIONALNYE MATERIALY I IKh PRILOZhENIYa. sbornik tezisov. Chelyabinsk,, 101–103. https://www.elibrary.ru/item.asp?id=54315039	eLibrary/RSCI
21	2023	0		ИССЛЕДОВАНИЯ ИЗ ПЕРВЫХ ПРИНЦИПОВ ПОЛУМЕТАЛЛИЧЕСКИХ ФЕРРОМАГНИТНЫХ СПЛАВОВ ГЕЙСЛЕРА TI2VZ (Z= AL, GA, IN, SI, GE, SN)	Исследования из первых принципов полуметаллических ферромагнитных сплавов Гейслера ti2vz (z= al, ga, in, si, ge, sn)	Исследования из первых принципов полуметаллических ферромагнитных сплавов Гейслера ti2vz (z= al, ga, in, si, ge, sn)	Studies from the first principles of semi-metallic ferromagnetic Geisler alloys ti2vz (z= al, ga, in, si, ge, sn)	argos_translate_ru_en	Раев А.А., Саносян А.А., Байгутлин Д.Р., Ерагер К.Р., Соколовский В.В., Бучельников В.Д.	Ы	Ы				22-12-20032	101-103		https://www.elibrary.ru/item.asp?id=54314144	Раев А.А., Саносян А.А., Байгутлин Д.Р., Ерагер К.Р., Соколовский В.В., Бучельников В.Д. Исследования из первых принципов полуметаллических ферромагнитных сплавов Гейслера ti2vz (z= al, ga, in, si, ge, sn). // В сборнике: ДНИ КАЛОРИКИ В ДАГЕСТАНЕ: ФУНКЦИОНАЛЬНЫЕ МАТЕРИАЛЫ И ИХ ПРИЛОЖЕНИЯ. сборник тезисов. Челябинск, 2023. С. 101-103. URL: https://www.elibrary.ru/item.asp?id=54314144.	Raev, A. A., Sanosyan, A. A., Baigutlin, D. R., Erager, K. R., Sokolovskii, V. V., & Buchelnikov, V. D. (2023). Issledovaniya iz pervykh printsipov polumetallicheskikh ferromagnitnykh splavov Geislera ti2vz (z= al, ga, in, si, ge, sn). V sbornike: DNI KALORIKI V DAGESTANE: FUNKTsIONALNYE MATERIALY I IKh PRILOZhENIYa. sbornik tezisov. Chelyabinsk,, 101–103. https://www.elibrary.ru/item.asp?id=54314144	eLibrary/RSCI,elibrary
22	2023	0		ИССЛЕДОВАНИЕ СВОЙСТВ ПОЛОВИННЫХ D°-D СПЛАВОВ ГЕЙСЛЕРА НА ОСНОВЕ СИСТЕМ KMNZ (Z = BI, PB, SB, SN)	Исследование свойств половинных d°-d сплавов Гейслера на основе систем kmnz (z = bi, pb, sb, sn)	Исследование свойств половинных d°-d сплавов Гейслера на основе систем kmnz (z = bi, pb, sb, sn)	Investigation of the properties of half d°-d Geisler alloys based on kmnz systems (z = bi, pb, sb, sn)	argos_translate_ru_en	Матюнина М.В., Байгутлин Д.Р., Соколовский В.В., Бучельников В.Д.	Ы	Ы			ов переходных металлов (ПМ) X,Y и sp-элемента Z. В работе [3] была предложена идея заменить один из переходных металлов в структуре в половинных сплавах Гейслера (например, Ni, Ti, Fe, Со, Мп) на атом dd щелочного металла (К, Rb, Cs)...	22-12-20032	59-60		https://www.elibrary.ru/item.asp?id=54592981	Матюнина М.В., Байгутлин Д.Р., Соколовский В.В., Бучельников В.Д. Исследование свойств половинных d°-d сплавов Гейслера на основе систем kmnz (z = bi, pb, sb, sn). // В сборнике: Магнитные материалы. Новые технологии. Материалы IX Байкальской Международной конференции. Иркутск, 2023. С. 59-60. URL: https://www.elibrary.ru/item.asp?id=54592981.	Matyunina, M. V., Baigutlin, D. R., Sokolovskii, V. V., & Buchelnikov, V. D. (2023). Issledovanie svoistv polovinnykh d°-d splavov Geislera na osnove sistem kmnz (z = bi, pb, sb, sn). V sbornike: Magnitnye materialy. Novye tekhnologii. Materialy IX Baikalskoi Mezhdunarodnoi konferentsii. Irkutsk,, 59–60. https://www.elibrary.ru/item.asp?id=54592981	eLibrary/RSCI,elibrary
23	2023	0		ВОПРОСЫ ФАЗОВОЙ СТАБИЛЬНОСТИ СПЛАВОВ ГЕЙСЛЕРА НА ОСНОВЕ NI-CO-MN-Z (Z = GA, IN, SN, SB) Ерагер К.Р., Байгутлин Д.Р., Соколовский В.В., Бучельников В.Д. В сборнике: ДНИ КАЛОРИКИ В ДАГЕСТАНЕ: ФУНКЦИОНАЛЬНЫЕ МАТЕРИАЛЫ И ИХ ПРИЛОЖЕНИЯ. Сборник тезисов. Челябинск, 2023. С. 51-52.	Вопросы фазовой стабильности сплавов Гейслера на основе ni-co-mn-z (z = ga, in, sn, sb) ерагер к. р. , байгутлин д. р. , соколовский в. в. , бучельников в. д. в сборнике: дни калорики в дагестане: функциональные материалы и их приложения. сборник тезисов. челябинск, 2023. с. 51-52.	Вопросы фазовой стабильности сплавов Гейслера на основе ni-co-mn-z (z = ga, in, sn, sb) ерагер к. р. , байгутлин д. р. , соколовский в. в. , бучельников в. д. в сборнике: дни калорики в дагестане: функциональные материалы и их приложения. сборник тезисов. челябинск, 2023. с. 51-52.	Issues of phase stability of Geisler alloys based on ni-co-mn-z (z = ga, in, sn, sb) erager k.r., Baigutlin d.r., Sokolovskiy V. , bachelliki V. d. in the collection: days of caloric in Dagestan: functional materials and their applications. abstract book. Chelyabinsk, 2023. pp. 51-52.	argos_translate_ru_en										https://www.elibrary.ru/item.asp?id=54315008	Вопросы фазовой стабильности сплавов Гейслера на основе ni-co-mn-z (z = ga, in, sn, sb) ерагер к. р. , байгутлин д. р. , соколовский в. в. , бучельников в. д. в сборнике: дни калорики в дагестане: функциональные материалы и их приложения. сборник тезисов. челябинск, 2023. с. 51-52. // ОВ ГЕЙСЛЕРА НА ОСНОВЕ NI-CO-MN-Z (Z = GA, IN, SN, SB) Ерагер К.Р., Байгутлин Д.Р., Соколовский В.В., Бучельников В.Д. В сборнике: ДНИ КАЛОРИКИ В ДАГЕСТАНЕ: ФУНКЦИОНАЛЬНЫЕ МАТЕРИАЛЫ И ИХ ПРИЛОЖЕНИЯ. сборник тезисов. Челябинск, 2023. С. 51-52. URL: https://www.elibrary.ru/item.asp?id=54315008.	Baigutlin, D. R. (2023). Voprosy fazovoi stabilnosti splavov Geislera na osnove ni-co-mn-z (z = ga, in, sn, sb) erager k. r., baigutlin d. r., sokolovskii v. v., buchelnikov v. d. v sbornike: dni kaloriki v dagestane: funktsionalnye materialy i ikh prilozheniya. sbornik tezisov. chelyabinsk, 2023. s. 51-52. OV GEISLERA NA OSNOVE NI-CO-MN-Z (Z = GA, IN, SN, SB) Erager K.R., Baigutlin D.R., Sokolovskii V.V., Buchelnikov V.D. V sbornike: DNI KALORIKI V DAGESTANE: FUNKTsIONALNYE MATERIALY I IKh PRILOZhENIYa. sbornik tezisov. Chelyabinsk,, 51–52. https://www.elibrary.ru/item.asp?id=54315008	eLibrary/RSCI
24	2023	0		ВОПРОСЫ ФАЗОВОЙ СТАБИЛЬНОСТИ СПЛАВОВ ГЕЙСЛЕРА НА ОСНОВЕ NI-CO-MN-Z (Z = GA, IN, SN, SB)	Вопросы фазовой стабильности сплавов Гейслера на основе ni-co-mn-z (z = ga, in, sn, sb)	Вопросы фазовой стабильности сплавов Гейслера на основе ni-co-mn-z (z = ga, in, sn, sb)	Questions of phase stability of Geisler alloys based on ni-co-mn-z (z = ga, in, sn, sb)	argos_translate_ru_en	Ерагер К.Р., Байгутлин Д.Р., Соколовский В.В., Бучельников В.Д.	Ы	Ы				075-01493-23-00	51-52		https://www.elibrary.ru/item.asp?id=54314121	Ерагер К.Р., Байгутлин Д.Р., Соколовский В.В., Бучельников В.Д. Вопросы фазовой стабильности сплавов Гейслера на основе ni-co-mn-z (z = ga, in, sn, sb). // В сборнике: ДНИ КАЛОРИКИ В ДАГЕСТАНЕ: ФУНКЦИОНАЛЬНЫЕ МАТЕРИАЛЫ И ИХ ПРИЛОЖЕНИЯ. сборник тезисов. Челябинск, 2023. С. 51-52. URL: https://www.elibrary.ru/item.asp?id=54314121.	Erager, K. R., Baigutlin, D. R., Sokolovskii, V. V., & Buchelnikov, V. D. (2023). Voprosy fazovoi stabilnosti splavov Geislera na osnove ni-co-mn-z (z = ga, in, sn, sb). V sbornike: DNI KALORIKI V DAGESTANE: FUNKTsIONALNYE MATERIALY I IKh PRILOZhENIYa. sbornik tezisov. Chelyabinsk,, 51–52. https://www.elibrary.ru/item.asp?id=54314121	eLibrary/RSCI,elibrary
25	2023	6		ВЛИЯНИЕ ОБМЕННО-КОРРЕЛЯЦИОННЫХ ЭФФЕКТОВ НА СТАБИЛИЗАЦИЮ ПОЛУМЕТАЛЛИЧЕСКИХ СВОЙСТВ СПЛАВОВ MN 2 VAL И MN 2 VSI	Влияние обменно-корреляционных эффектов на стабилизацию полуметаллических свойств сплавов mn 2 val и mn 2 vsi	Влияние обменно-корреляционных эффектов на стабилизацию полуметаллических свойств сплавов mn 2 val и mn 2 vsi	The Influence of Exchange Correlation Effects on the Stabilization of the Half-Metallic Properties of Mn2VAl and Mn2VSi Alloys	existing_publication	Бучельников В.Д., Байгутлин Д.Р., Соколовский В.В., Мирошкина О.Н.	Физика металлов и металловедение	Физика металлов и металловедение			124	2	126-133	10.31857/s0015323022601301	https://www.elibrary.ru/item.asp?id=50403417	Бучельников В.Д., Байгутлин Д.Р., Соколовский В.В., Мирошкина О.Н. Влияние обменно-корреляционных эффектов на стабилизацию полуметаллических свойств сплавов mn 2 val и mn 2 vsi. // Физика металлов и металловедение. 2023. Т. 124. № 2. С. 126-133. URL: https://www.elibrary.ru/item.asp?id=50403417.	Buchelnikov, V. D., Baigutlin, D. R., Sokolovskii, V. V., & Miroshkina, O. N. (2023). Vliyanie obmenno-korrelyatsionnykh effektov na stabilizatsiyu polumetallicheskikh svoistv splavov mn 2 val i mn 2 vsi. Fizika metallov i metallovedenie, 124(2), 126–133. https://www.elibrary.ru/item.asp?id=50403417	eLibrary/RSCI,openalex_api,elibrary
26	2023	0	4	The influence of exchange correlation effects on the stabilization of the half-metallic properties of Mn2VAl and Mn2VSi alloys	The influence of exchange correlation effects on the stabilization of the half-metallic properties of Mn2VAl and Mn2VSi alloys	The influence of exchange correlation effects on the stabilization of the half-metallic properties of Mn2VAl and Mn2VSi alloys	The influence of exchange correlation effects on the stabilization of the half-metallic properties of Mn2VAl and Mn2VSi alloys	existing_publication	Buchelnikov V.D., Baigutlin D.R., Sokolovskiy V.V., Miroshkina O.N.	Physics of Metals and Metallography	Physics of Metals and Metallography	Physics of Metals and Metallography	existing_publication	124	2	118-125	10.1134/s0031918x22601962	https://www.elibrary.ru/item.asp?id=61494427	Buchelnikov V.D., Baigutlin D.R., Sokolovskiy V.V., Miroshkina O.N. The influence of exchange correlation effects on the stabilization of the half-metallic properties of Mn2VAl and Mn2VSi alloys. // Physics of Metals and Metallography. 2023. Vol. 124. No. 2. P. 118-125. URL: https://www.elibrary.ru/item.asp?id=61494427.	Buchelnikov, V. D., Baigutlin, D. R., Sokolovskiy, V. V., & Miroshkina, O. N. (2023). The influence of exchange correlation effects on the stabilization of the half-metallic properties of Mn2VAl and Mn2VSi alloys. Physics of Metals and Metallography, 124(2), 118–125. https://www.elibrary.ru/item.asp?id=61494427	eLibrary/RSCI,openalex_api,orcid_public_api,scopus
27	2023	0	2	On the possible half-metallic properties of Fe2RhZ (Z = Al, Si, Ga, Ge, In, Sn) ferromagnetic Heusler alloys	On the possible half-metallic properties of Fe2RhZ (Z = Al, Si, Ga, Ge, In, Sn) ferromagnetic Heusler alloys	On the possible half-metallic properties of Fe2RhZ (Z = Al, Si, Ga, Ge, In, Sn) ferromagnetic Heusler alloys	On the possible half-metallic properties of Fe2RhZ (Z = Al, Si, Ga, Ge, In, Sn) ferromagnetic Heusler alloys	existing_publication	Erager K.R., Baigutlin D.R., Sokolovskiy V.V., Buchelnikov V.D.	Journal of Communications Technology and Electronics	Journal of Communications Technology and Electronics	Journal of Communications Technology and Electronics	existing_publication	68	4	389-399	10.1134/S1064226923040010	https://www.elibrary.ru/item.asp?id=61701429	Erager K.R., Baigutlin D.R., Sokolovskiy V.V., Buchelnikov V.D. On the possible half-metallic properties of Fe2RhZ (Z = Al, Si, Ga, Ge, In, Sn) ferromagnetic Heusler alloys. // Journal of Communications Technology and Electronics. 2023. Vol. 68. No. 4. P. 389-399. DOI: 10.1134/S1064226923040010.	Erager, K. R., Baigutlin, D. R., Sokolovskiy, V. V., & Buchelnikov, V. D. (2023). On the possible half-metallic properties of Fe2RhZ (Z = Al, Si, Ga, Ge, In, Sn) ferromagnetic Heusler alloys. Journal of Communications Technology and Electronics, 68(4), 389–399. https://doi.org/10.1134/S1064226923040010	DOI,eLibrary/RSCI,openalex_api,orcid_public_api,scopus
28	2023	32	43	META-GGA SCAN FUNCTIONAL IN THE PREDICTION OF GROUND STATE PROPERTIES OF MAGNETIC MATERIALS: REVIEW OF THE CURRENT STATE	Meta-gga scan functional in the prediction of ground state properties of magnetic materials: review of the current state	Meta-gga scan functional in the prediction of ground state properties of magnetic materials: review of the current state	META-GGA SCAN FUNCTIONAL IN THE PREDICTION OF GROUND STATE PROPERTIES OF MAGNETIC MATERIALS: REVIEW OF THE CURRENT STATE	existing_publication	Sokolovskiy V., Baigutlin D., Miroshkina O., Buchelnikov V.	Metals	Metals	Metals	existing_publication	13	4	728-728	10.3390/met13040728	https://www.elibrary.ru/item.asp?id=61298820	Sokolovskiy V., Baigutlin D., Miroshkina O., Buchelnikov V. Meta-gga scan functional in the prediction of ground state properties of magnetic materials: review of the current state. // Metals. 2023. Т. 13. № 4. С. 728. URL: https://www.elibrary.ru/item.asp?id=61298820.	Sokolovskiy V., Baigutlin D., Miroshkina O., & Buchelnikov V. (2023). Meta-gga scan functional in the prediction of ground state properties of magnetic materials: review of the current state. Metals, 13(4), 728. https://www.elibrary.ru/item.asp?id=61298820	eLibrary/RSCI,crossref_api,openalex_api,orcid_public_api,elibrary,scopus
29	2023	1		INTERPLAY OF ELECTRONIC STRUCTURE AND MAGNETISM IN FE 2 - AND RH 2 -BASED HEUSLER ALLOYS	Interplay of electronic structure and magnetism in fe 2 - and rh 2 -based heusler alloys	Interplay of electronic structure and magnetism in fe 2 - and rh 2 -based heusler alloys	INTERPLAY OF ELECTRONIC STRUCTURE AND MAGNETISM IN FE 2 - AND RH 2 -BASED HEUSLER ALLOYS	existing_publication	Baigutlin D.R., Sokolovskiy V.V., Buchelnikov V.D.	Physical Review B	Physical Review B	Physical Review B	existing_publication	107	24	245130	10.1103/physrevb.107.245130	https://www.elibrary.ru/item.asp?id=61730931	Baigutlin D.R., Sokolovskiy V.V., Buchelnikov V.D. Interplay of electronic structure and magnetism in fe 2 - and rh 2 -based heusler alloys. // Physical Review B. 2023. Т. 107. № 24. С. 245130. URL: https://www.elibrary.ru/item.asp?id=61730931.	Baigutlin, D. R., Sokolovskiy, V. V., & Buchelnikov, V. D. (2023). Interplay of electronic structure and magnetism in fe 2 - and rh 2 -based heusler alloys. Physical Review B, 107(24), 245130. https://www.elibrary.ru/item.asp?id=61730931	eLibrary/RSCI,crossref_api,openalex_api,orcid_public_api,elibrary
30	2023	7		AB INITIO PREDICTION OF COEXISTENCE OF TWO MAGNETIC STATES IN MN 2 Y SN ( Y = SC, TI, AND V) HEUSLER ALLOYS UNDER APPLIED PRESSURE	Ab initio prediction of coexistence of two magnetic states in mn 2 y sn ( y = sc, ti, and v) heusler alloys under applied pressure	Ab initio prediction of coexistence of two magnetic states in mn 2 y sn ( y = sc, ti, and v) heusler alloys under applied pressure	AB INITIO PREDICTION OF COEXISTENCE OF TWO MAGNETIC STATES IN MN 2 Y SN ( Y = SC, TI, AND V) HEUSLER ALLOYS UNDER APPLIED PRESSURE	existing_publication	Sokolovskiy V., Zagrebin M., Baigutlin D., Buchelnikov V.	Computational Materials Science	Computational Materials Science	Computational Materials Science	existing_publication	228	а	112365-112365	10.1016/j.commatsci.2023.112365	https://www.elibrary.ru/item.asp?id=62505646	Sokolovskiy V., Zagrebin M., Baigutlin D., Buchelnikov V. Ab initio prediction of coexistence of two magnetic states in mn 2 y sn ( y = sc, ti, and v) heusler alloys under applied pressure. // Computational Materials Science. 2023. Т. 228. С. 112365. URL: https://www.elibrary.ru/item.asp?id=62505646.	Sokolovskiy V., Zagrebin M., Baigutlin D., & Buchelnikov V. (2023). Ab initio prediction of coexistence of two magnetic states in mn 2 y sn ( y = sc, ti, and v) heusler alloys under applied pressure. Computational Materials Science, 228, 112365. https://www.elibrary.ru/item.asp?id=62505646	eLibrary/RSCI,crossref_api,openalex_api,orcid_public_api,elibrary
31	2023	0		AB INITIO INVETIGATION THE PROPERTIES OF MN2-BASED HEUSLER ALLOYS UNDER EXTERNAL PRESSURE	Ab initio invetigation the properties of mn2-based heusler alloys under external pressure	Ab initio invetigation the properties of mn2-based heusler alloys under external pressure	AB INITIO INVETIGATION THE PROPERTIES OF MN2-BASED HEUSLER ALLOYS UNDER EXTERNAL PRESSURE	existing_publication	Buchelnikov V.D., Sokolovskiy V.V., Zagrebin M.A., Baigutlin D.R.	Ы	Ы				22-12-20032	30		https://www.elibrary.ru/item.asp?id=54254106	Buchelnikov V.D., Sokolovskiy V.V., Zagrebin M.A., Baigutlin D.R. Ab initio invetigation the properties of mn2-based heusler alloys under external pressure. // В сборнике: Samarkand International Symposium on Magnetism 2023. Book of Abstracts. Samarkand, 2023. С. 30. URL: https://www.elibrary.ru/item.asp?id=54254106.	Buchelnikov, V. D., Sokolovskiy, V. V., Zagrebin, M. A., & Baigutlin, D. R. (2023). Ab initio invetigation the properties of mn2-based heusler alloys under external pressure. V sbornike: Samarkand International Symposium on Magnetism, 30. https://www.elibrary.ru/item.asp?id=54254106	eLibrary/RSCI,elibrary
	2023		2	Ab initio prediction of coexistence of two magnetic states in Mn2YSn (Y=Sc, Ti, and V) Heusler alloys under applied pressure	Ab initio prediction of coexistence of two magnetic states in Mn2YSn (Y=Sc, Ti, and V) Heusler alloys under applied pressure	Ab initio prediction of coexistence of two magnetic states in Mn2YSn (Y=Sc, Ti, and V) Heusler alloys under applied pressure	Ab initio prediction of coexistence of two magnetic states in Mn2YSn (Y=Sc, Ti, and V) Heusler alloys under applied pressure	existing_publication	Sokolovskiy V.	Computational Materials Science	Computational Materials Science	Computational Materials Science	existing_publication	228		112365-112365	10.1016/j.commatsci.2023.112365	https://www.scopus.com/record/display.uri?eid=2-s2.0-85165042235	Sokolovskiy V. Ab initio prediction of coexistence of two magnetic states in Mn2YSn (Y=Sc, Ti, and V) Heusler alloys under applied pressure. // Computational Materials Science. — 2023. — Т. 228. — С. 112365–112365. — DOI: 10.1016/j.commatsci.2023.112365.	Sokolovskiy V. (2023). Ab initio prediction of coexistence of two magnetic states in Mn2YSn (Y=Sc, Ti, and V) Heusler alloys under applied pressure. Computational Materials Science, 228, 112365–112365. https://doi.org/10.1016/j.commatsci.2023.112365	scopus,crossref_api,openalex_api,orcid_public_api
	2023		2	Interplay of electronic structure and magnetism in Fe2 - And Rh2 -based Heusler alloys	Interplay of electronic structure and magnetism in Fe2 - And Rh2 -based Heusler alloys	Interplay of electronic structure and magnetism in Fe2 - And Rh2 -based Heusler alloys	Interplay of electronic structure and magnetism in Fe2 - And Rh2 -based Heusler alloys	existing_publication	Baigutlin D.R.	Physical Review B	Physical Review B	Physical Review B	existing_publication	107	24		10.1103/physrevb.107.245130	https://www.scopus.com/record/display.uri?eid=2-s2.0-85163526797	Baigutlin D.R. Interplay of electronic structure and magnetism in Fe2 - And Rh2 -based Heusler alloys. // Physical Review B. — 2023. — Т. 107. — № 24. — DOI: 10.1103/physrevb.107.245130.	Baigutlin, D. R. (2023). Interplay of electronic structure and magnetism in Fe2 - And Rh2 -based Heusler alloys. Physical Review B, 107(24). https://doi.org/10.1103/physrevb.107.245130	scopus,crossref_api,openalex_api,orcid_public_api
31	2022	0		ИССЛЕДОВАНИЯ ИЗ ПЕРВЫХ ПРИНЦИПОВ ПОЛУМЕТАЛЛИЧЕСКИХ ФЕРРОМАГНИТНЫХ СПЛАВОВ ГЕЙСЛЕРА НА ОСНОВЕ TI	ИССЛЕДОВАНИЯ ИЗ ПЕРВЫХ ПРИНЦИПОВ ПОЛУМЕТАЛЛИЧЕСКИХ ФЕРРОМАГНИТНЫХ СПЛАВОВ ГЕЙСЛЕРА НА ОСНОВЕ TI	ИССЛЕДОВАНИЯ ИЗ ПЕРВЫХ ПРИНЦИПОВ ПОЛУМЕТАЛЛИЧЕСКИХ ФЕРРОМАГНИТНЫХ СПЛАВОВ ГЕЙСЛЕРА НА ОСНОВЕ TI	Researches from the first principles of semi-metallic Ferromagnetic Alloys of Heisler on the basis of TI	argos_translate_ru_en	Раев А.А., Байгутлин Д.Р., Соколовский В.В., Бучельников В.Д.	Ы	Ы				22-12-20032	72-73		https://www.elibrary.ru/item.asp?id=50078080	Раев А.А., Байгутлин Д.Р., Соколовский В.В., Бучельников В.Д. ИССЛЕДОВАНИЯ ИЗ ПЕРВЫХ ПРИНЦИПОВ ПОЛУМЕТАЛЛИЧЕСКИХ ФЕРРОМАГНИТНЫХ СПЛАВОВ ГЕЙСЛЕРА НА ОСНОВЕ TI. — Башкирский государственный педагогический университет им. М. Акмуллы. — 2022. — № 22-12-20032. — С. 72–73. — URL: https://www.elibrary.ru/item.asp?id=50078080.	Raev, A. A., Baigutlin, D. R., Sokolovskii, V. V., & Buchelnikov, V. D. (2022). Researches from the first principles of semi-metallic Ferromagnetic Alloys of Heisler on the basis of TI. Bashkirskii gosudarstvennyi pedagogicheskii universitet im. M. Akmully, (22-12-20032), 72–73. https://www.elibrary.ru/item.asp?id=50078080	elibrary
32	2022	0		ФАЗОВЫЕ ПЕРЕХОДЫ В СПЛАВАХ ГЕЙСЛЕРА MN2YZ: РОЛЬ ОБМЕННО-КОРРЕЛЯЦИОННЫХ ВЗАИМОДЕЙСТВИЙ	Фазовые переходы в сплавах Гейслера mn2yz: роль обменно-корреляционных взаимодействий	Фазовые переходы в сплавах Гейслера mn2yz: роль обменно-корреляционных взаимодействий	Phase transitions in Geisler alloys mn2yz: the role of exchange-correlation interactions	argos_translate_ru_en	Бучельников В.Д., Байгутлин Д.Р., Соколовский В.В., Мирошкина О.Н.	Ы	Ы				22-12-20032	11-14		https://www.elibrary.ru/item.asp?id=49304148	Бучельников В.Д., Байгутлин Д.Р., Соколовский В.В., Мирошкина О.Н. Фазовые переходы в сплавах Гейслера mn2yz: роль обменно-корреляционных взаимодействий. // В сборнике: Дни калорики в Королеве: функциональные материалы и их приложения. Сборник тезисов 3-го Международного научного семинара. Челябинск, 2022. С. 11-14. URL: https://www.elibrary.ru/item.asp?id=49304148.	Buchelnikov, V. D., Baigutlin, D. R., Sokolovskii, V. V., & Miroshkina, O. N. (2022). Fazovye perekhody v splavakh Geislera mn2yz: rol obmenno-korrelyatsionnykh vzaimodeistvii. V sbornike: Dni kaloriki v Koroleve: funktsionalnye materialy i ikh prilozheniya. Sbornik tezisov 3-go Mezhdunarodnogo nauchnogo seminara. Chelyabinsk,, 11–14. https://www.elibrary.ru/item.asp?id=49304148	eLibrary/RSCI,elibrary
33	2022	0		ФАЗОВАЯ СТАБИЛЬНОСТЬ ДВОЙНИКОВЫХ СТРУКТУР НЕСТЕХИОМЕТРИЧЕСКИХ СПЛАВОВ ГЕЙСЛЕРА NI-MN-IN	Фазовая стабильность двойниковых структур нестехиометрических сплавов Гейслера ni-mn-in	Фазовая стабильность двойниковых структур нестехиометрических сплавов Гейслера ni-mn-in	Phase stability of twin structures of non-stoichiometric Geisler alloys ni-mn-in	argos_translate_ru_en	Ерагер К.Р., Байгутлин Д.Р., Соколовский В.В., Бучельников В.Д.	Ы	Ы			ов Mn рассчитывалось в программном пакете ATAT. По данным проведенных исследований, структуры, сгенерированные с помощью программного пакета АТАТ,...	075-01391-22-00	157	10.33184/fmpve2022-2022-10-19.117	https://www.elibrary.ru/item.asp?id=49615132	"Ерагер К.Р., Байгутлин Д.Р., Соколовский В.В., Бучельников В.Д. Фазовая стабильность двойниковых структур нестехиометрических сплавов Гейслера ni-mn-in. // В сборнике: Фундаментальная математика и ее приложения в естествознании: спутник Международной научной конференции ""Уфимская осенняя математическая школа-2022"". Тезисы докладов ХIII Международной школы-конференции студентов, аспирантов и молодых ученых, посвященной 50-летию образования математического и физического факультетов БашГУ. Отв. редактор Л.А. Габдрахманова. Уфа, 2022. С. 157. URL: https://www.elibrary.ru/item.asp?id=49615132."	"Erager, K. R., Baigutlin, D. R., Sokolovskii, V. V., & Buchelnikov, V. D. (2022). Fazovaya stabilnost dvoinikovykh struktur nestekhiometricheskikh splavov Geislera ni-mn-in. V sbornike: Fundamentalnaya matematika i ee prilozheniya v estestvoznanii: sputnik Mezhdunarodnoi nauchnoi konferentsii ""Ufimskaya osennyaya matematicheskaya shkola-, 157. https://www.elibrary.ru/item.asp?id=49615132"	eLibrary/RSCI,elibrary
34	2022	0		ПЕРВОПРИНЦИПНЫЕ ИССЛЕДОВАНИЯ СВОЙСТВ СПЛАВОВ ГЕЙСЛЕРА С ВЫСОКОЙ МАГНИТОКРИСТАЛЛИЧЕСКОЙ АНИЗОТРОПИЕЙ	Первопринципные исследования свойств сплавов Гейслера с высокой магнитокристаллической анизотропией	Первопринципные исследования свойств сплавов Гейслера с высокой магнитокристаллической анизотропией	Primary studies of the properties of Geisler alloys with high magnetocrystalline anisotropy	argos_translate_ru_en	Соколовский В.В., Мирошкина О.Н., Байгутлин Д.Р., Саносян А.А., Загребин М.А., Бучельников В.Д.	Ы	Ы			ным упорядочением атомов Fe и Ni в качестве основного состояния...	075-01391-22-00	33-35		https://www.elibrary.ru/item.asp?id=49304157	Соколовский В.В., Мирошкина О.Н., Байгутлин Д.Р., Саносян А.А., Загребин М.А., Бучельников В.Д. Первопринципные исследования свойств сплавов Гейслера с высокой магнитокристаллической анизотропией. // В сборнике: Дни калорики в Королеве: функциональные материалы и их приложения. Сборник тезисов 3-го Международного научного семинара. Челябинск, 2022. С. 33-35. URL: https://www.elibrary.ru/item.asp?id=49304157.	Sokolovskii, V. V., Miroshkina, O. N., Baigutlin, D. R., Sanosyan, A. A., Zagrebin, M. A., & Buchelnikov, V. D. (2022). Pervoprintsipnye issledovaniya svoistv splavov Geislera s vysokoi magnitokristallicheskoi anizotropiei. V sbornike: Dni kaloriki v Koroleve: funktsionalnye materialy i ikh prilozheniya. Sbornik tezisov 3-go Mezhdunarodnogo nauchnogo seminara. Chelyabinsk,, 33–35. https://www.elibrary.ru/item.asp?id=49304157	eLibrary/RSCI,elibrary
35	2022	1		ПЕРВОПРИНЦИПНОЕ ИССЛЕДОВАНИЕ ПОЛУМЕТАЛЛИЧЕСКИХ СОЕДИНЕНИЙ НА ОСНОВЕ СЕРИИ СПЛАВОВ ГЕЙСЛЕРА FE2RHZ (Z = AL, SI, GA, GE, IN, SN)	Первопринципное исследование полуметаллических соединений на основе серии сплавов Гейслера fe2rhz (z = al, si, ga, ge, in, sn)	Первопринципное исследование полуметаллических соединений на основе серии сплавов Гейслера fe2rhz (z = al, si, ga, ge, in, sn)	Primary study of semimetallic compounds based on a series of Geisler alloys fe2rhz (z = al, si, ga, ge, in, sn)	argos_translate_ru_en	Ерагер К.Р., Байгутлин Д.Р., Соколовский В.В., Бучельников В.Д.	Ы	Ы			, достаточно высокой степенью поляризации и энергетической щелью для спин-вверх электронов.	22-12-20032	34-38		https://www.elibrary.ru/item.asp?id=50111880	Ерагер К.Р., Байгутлин Д.Р., Соколовский В.В., Бучельников В.Д. Первопринципное исследование полуметаллических соединений на основе серии сплавов Гейслера fe2rhz (z = al, si, ga, ge, in, sn). // В сборнике: Перспективные технологии и материалы. Материалы Международной научно-практической конференции. Севастополь, 2022. С. 34-38. URL: https://www.elibrary.ru/item.asp?id=50111880.	Erager, K. R., Baigutlin, D. R., Sokolovskii, V. V., & Buchelnikov, V. D. (2022). Pervoprintsipnoe issledovanie polumetallicheskikh soedinenii na osnove serii splavov Geislera fe2rhz (z = al, si, ga, ge, in, sn). V sbornike: Perspektivnye tekhnologii i materialy. Materialy Mezhdunarodnoi nauchno-prakticheskoi konferentsii. Sevastopol,, 34–38. https://www.elibrary.ru/item.asp?id=50111880	eLibrary/RSCI,elibrary
36	2022	6		ОБМЕННО-КОРРЕЛЯЦИОННЫЕ ЭФФЕКТЫ В МОДУЛИРОВАННЫХ МАРТЕНСИТНЫХ СТРУКТУРАХ СПЛАВА MN2NIGA	Обменно-корреляционные эффекты в модулированных мартенситных структурах сплава mn2niga	Обменно-корреляционные эффекты в модулированных мартенситных структурах сплава mn2niga	Exchange-correlation effects in modulated martensitic structures of mn2niga alloy	argos_translate_ru_en	Ерагер К.Р., Байгутлин Д.Р., Соколовский В.В., Бучельников В.Д.	Физика металлов и металловедение	Физика металлов и металловедение			123	4	403-408		https://www.elibrary.ru/item.asp?id=48103693	Ерагер К.Р., Байгутлин Д.Р., Соколовский В.В., Бучельников В.Д. Обменно-корреляционные эффекты в модулированных мартенситных структурах сплава mn2niga. // Физика металлов и металловедение. 2022. Т. 123. № 4. С. 403-408. URL: https://www.elibrary.ru/item.asp?id=48103693.	Erager, K. R., Baigutlin, D. R., Sokolovskii, V. V., & Buchelnikov, V. D. (2022). Obmenno-korrelyatsionnye effekty v modulirovannykh martensitnykh strukturakh splava mn2niga. Fizika metallov i metallovedenie, 123(4), 403–408. https://www.elibrary.ru/item.asp?id=48103693	eLibrary/RSCI,elibrary
37	2022	0		THE HALF-METALLIC PROPERTIES OF HEUSLER ALLOYS MN-=SUB=-2-=/SUB=-SCZ (Z=AL, SI, P, GA, GE, AS, IN, SN, SB): AB INITIO STUDY	THE HALF-METALLIC PROPERTIES OF HEUSLER ALLOYS MN-=SUB=-2-=/SUB=-SCZ (Z=AL, SI, P, GA, GE, AS, IN, SN, SB): AB INITIO STUDY	THE HALF-METALLIC PROPERTIES OF HEUSLER ALLOYS MN-=SUB=-2-=/SUB=-SCZ (Z=AL, SI, P, GA, GE, AS, IN, SN, SB): AB INITIO STUDY	THE HALF-METALLIC PROPERTIES OF HEUSLER ALLOYS MN-=SUB=-2-=/SUB=-SCZ (Z=AL, SI, P, GA, GE, AS, IN, SN, SB): AB INITIO STUDY	existing_publication	Baigutlin D. R., Sokolovskiy V. V., Miroshkina O. N., Buchelnikov V. D.	Physics of the Solid State	Physics of the Solid State	Physics of the Solid State	existing_publication	63	13	2082	10.21883/pss.2022.13.53975.18s	https://www.elibrary.ru/item.asp?id=59139914	Baigutlin D. R., Sokolovskiy V. V., Miroshkina O. N., Buchelnikov V. D. THE HALF-METALLIC PROPERTIES OF HEUSLER ALLOYS MN-=SUB=-2-=/SUB=-SCZ (Z=AL, SI, P, GA, GE, AS, IN, SN, SB): AB INITIO STUDY. // Physics of the Solid State. — 2022. — Т. 63. — № 13. — С. 2082. — DOI: 10.21883/pss.2022.13.53975.18s.	Baigutlin, D. R., Sokolovskiy, V. V., Miroshkina, O. N., & Buchelnikov, V. D. (2022). THE HALF-METALLIC PROPERTIES OF HEUSLER ALLOYS MN-=SUB=-2-=/SUB=-SCZ (Z=AL, SI, P, GA, GE, AS, IN, SN, SB): AB INITIO STUDY. Physics of the Solid State, 63(13), 2082. https://doi.org/10.21883/pss.2022.13.53975.18s	elibrary
37	2022	0		МАРТЕНСИТНЫЙ ПЕРЕХОД И МАГНИТОКАЛОРИЧЕСКИЙ ЭФФЕКТ В 4D СПЛАВАХ ГЕЙСЛЕРА RH2FEZ	Мартенситный переход и магнитокалорический эффект в 4d сплавах Гейслера rh2fez	Мартенситный переход и магнитокалорический эффект в 4d сплавах Гейслера rh2fez	Martensitic transition and magnetocaloric effect in 4d Geisler alloys rh2fez	argos_translate_ru_en	Байгутлин Д.Р., Соколовский В.В., Бучельников В.Д., Мирошкина О.Н.	Ы	Ы			составляет примерно 340 °K, что характерно для сплавов Гейслера на основе Rh2 [6]...	22-12-20032	7-9		https://www.elibrary.ru/item.asp?id=49304146	Байгутлин Д.Р., Соколовский В.В., Бучельников В.Д., Мирошкина О.Н. Мартенситный переход и магнитокалорический эффект в 4d сплавах Гейслера rh2fez. // В сборнике: Дни калорики в Королеве: функциональные материалы и их приложения. Сборник тезисов 3-го Международного научного семинара. Челябинск, 2022. С. 7-9. URL: https://www.elibrary.ru/item.asp?id=49304146.	Baigutlin, D. R., Sokolovskii, V. V., Buchelnikov, V. D., & Miroshkina, O. N. (2022). Martensitnyi perekhod i magnitokaloricheskii effekt v 4d splavakh Geislera rh2fez. V sbornike: Dni kaloriki v Koroleve: funktsionalnye materialy i ikh prilozheniya. Sbornik tezisov 3-go Mezhdunarodnogo nauchnogo seminara. Chelyabinsk,, 7–9. https://www.elibrary.ru/item.asp?id=49304146	eLibrary/RSCI,elibrary
38	2022	0		ИССЛЕДОВАНИЯ ИЗ ПЕРВЫХ ПРИНЦИПОВ ПОЛУМЕТАЛЛИЧЕСКИХ ФЕРРОМАГНИТНЫХ СПЛАВОВ ГЕЙСЛЕРА НА ОСНОВЕ TI	Исследования из первых принципов полуметаллических ферромагнитных сплавов Гейслера на основе ti	Исследования из первых принципов полуметаллических ферромагнитных сплавов Гейслера на основе ti	Studies from the first principles of semimetallic ferromagnetic Geisler alloys based on ti	argos_translate_ru_en	Раев А.А., Байгутлин Д.Р., Соколовский В.В., Бучельников В.Д.	Ы	Ы				22-12-20032	29-30		https://www.elibrary.ru/item.asp?id=49304233	Раев А.А., Байгутлин Д.Р., Соколовский В.В., Бучельников В.Д. Исследования из первых принципов полуметаллических ферромагнитных сплавов Гейслера на основе ti. // В сборнике: Дни калорики в Королеве: функциональные материалы и их приложения. Сборник тезисов 3-го Международного научного семинара. Челябинск, 2022. С. 29-30. URL: https://www.elibrary.ru/item.asp?id=49304233.	Raev, A. A., Baigutlin, D. R., Sokolovskii, V. V., & Buchelnikov, V. D. (2022). Issledovaniya iz pervykh printsipov polumetallicheskikh ferromagnitnykh splavov Geislera na osnove ti. V sbornike: Dni kaloriki v Koroleve: funktsionalnye materialy i ikh prilozheniya. Sbornik tezisov 3-go Mezhdunarodnogo nauchnogo seminara. Chelyabinsk,, 29–30. https://www.elibrary.ru/item.asp?id=49304233	eLibrary/RSCI,elibrary
39	2022	0		ИССЛЕДОВАНИЕ ИЗ ПЕРВЫХ ПРИНЦИПОВ ПОЛУМЕТАЛЛИЧЕСКИХ СОЕДИНЕНИЙ НА ОСНОВКЕ СПЛАВОВ ГЕЙСЛЕРА FE2RHZ (Z = AL, SI)	Исследование из первых принципов полуметаллических соединений на основке сплавов Гейслера fe2rhz (z = al, si)	Исследование из первых принципов полуметаллических соединений на основке сплавов Гейслера fe2rhz (z = al, si)	Study from the first principles of semimetallic compounds on the basis of Geisler alloys fe2rhz (z = al, si)	argos_translate_ru_en	Ерагер К.Р., Байгутлин Д.Р., Соколовский В.В., Бучельников В.Д.	Ы	Ы				22-12-20032	41-42		https://www.elibrary.ru/item.asp?id=50077923	Ерагер К.Р., Байгутлин Д.Р., Соколовский В.В., Бучельников В.Д. Исследование из первых принципов полуметаллических соединений на основке сплавов Гейслера fe2rhz (z = al, si). // В сборнике: СОВРЕМЕННЫЕ ФИЗИКА, МАТЕМАТИКА, ЦИФРОВЫЕ И НАНОТЕХНОЛОГИИ В НАУКЕ И ОБРАЗОВАНИИ. СБОРНИК ТЕЗИСОВ I ВСЕРОССИЙСКОЙ МОЛОДЕЖНОЙ ШКОЛЫ-КОНФЕРЕНЦИИ, ПОСВЯЩЕННОЙ 100-ЛЕТИЮ СО ДНЯ РОЖДЕНИЯ А.Д. САХАРОВА. Уфа, 2022. С. 41-42. URL: https://www.elibrary.ru/item.asp?id=50077923.	Erager, K. R., Baigutlin, D. R., Sokolovskii, V. V., & Buchelnikov, V. D. (2022). Issledovanie iz pervykh printsipov polumetallicheskikh soedinenii na osnovke splavov Geislera fe2rhz (z = al, si). V sbornike: SOVREMENNYE FIZIKA, MATEMATIKA, TsIFROVYE I NANOTEKhNOLOGII V NAUKE I OBRAZOVANII. SBORNIK TEZISOV I VSEROSSIISKOI MOLODEZhNOI ShKOLY-KONFERENTsII, POSVYaShchENNOI 100-LETIYu SO DNYa ROZhDENIYa A.D. SAKhAROVA. Ufa,, 41–42. https://www.elibrary.ru/item.asp?id=50077923	eLibrary/RSCI,elibrary
40	2022	0		THE HALF-METALLIC PROPERTIES OF HEUSLER ALLOYS MN-=SUB=-2-=/SUB=-SCZ (Z=AL, SI, P, GA, GE, AS, IN, SN, SB): AB INITIO STUDY	The half-metallic properties of heusler alloys mn-=sub=-2-=/sub=-scz (z=al, si, p, ga, ge, as, in, sn, sb): ab initio study	The half-metallic properties of heusler alloys mn-=sub=-2-=/sub=-scz (z=al, si, p, ga, ge, as, in, sn, sb): ab initio study	THE HALF-METALLIC PROPERTIES OF HEUSLER ALLOYS MN-=SUB=-2-=/SUB=-SCZ (Z=AL, SI, P, GA, GE, AS, IN, SN, SB): AB INITIO STUDY	existing_publication	Baigutlin D. R., Sokolovskiy V. V., Miroshkina O. N., Buchelnikov V. D.	Physics of the Solid State	Physics of the Solid State	Physics of the Solid State	existing_publication	63	13	1618-1618	10.21883/pss.2022.13.52300.18s	https://www.elibrary.ru/item.asp?id=57222846	Baigutlin D. R., Sokolovskiy V. V., Miroshkina O. N., Buchelnikov V. D. The half-metallic properties of heusler alloys mn-=sub=-2-=/sub=-scz (z=al, si, p, ga, ge, as, in, sn, sb): ab initio study. // Physics of the Solid State. 2022. Т. 63. № 13. С. 1618. URL: https://www.elibrary.ru/item.asp?id=57222846.	Baigutlin, D. R., Sokolovskiy, V. V., Miroshkina, O. N., & Buchelnikov, V. D. (2022). The half-metallic properties of heusler alloys mn-=sub=-2-=/sub=-scz (z=al, si, p, ga, ge, as, in, sn, sb): ab initio study. Physics of the Solid State, 63(13), 1618. https://www.elibrary.ru/item.asp?id=57222846	eLibrary/RSCI,openalex_api,elibrary
41	2022	8	8	MAGNETIC AND STRUCTURAL PROPERTIES OF CO-NI-Z (Z= AL, GA, IN, SN) HEUSLER ALLOYS: EFFECT OF STRUCTURAL MOTIVES AND CHEMICAL DISORDER	Magnetic and structural properties of co-ni-z (z= al, ga, in, sn) heusler alloys: effect of structural motives and chemical disorder	Magnetic and structural properties of co-ni-z (z= al, ga, in, sn) heusler alloys: effect of structural motives and chemical disorder	MAGNETIC AND STRUCTURAL PROPERTIES OF CO-NI-Z (Z= AL, GA, IN, SN) HEUSLER ALLOYS: EFFECT OF STRUCTURAL MOTIVES AND CHEMICAL DISORDER	existing_publication	Sokolovskiy V., Miroshkina O.N., Sanosyan A., Baigutlin D., Buchelnikov V., Gruner M.E.	Journal of Magnetism and Magnetic Materials	Journal of Magnetism and Magnetic Materials	Journal of Magnetism and Magnetic Materials	existing_publication	546	а	168728-168728	10.1016/j.jmmm.2021.168728	https://www.elibrary.ru/item.asp?id=47534946	Sokolovskiy V., Miroshkina O.N., Sanosyan A., Baigutlin D., Buchelnikov V., Gruner M.E. Magnetic and structural properties of co-ni-z (z= al, ga, in, sn) heusler alloys: effect of structural motives and chemical disorder. // Journal of Magnetism and Magnetic Materials. 2022. Т. 546. С. 168728. URL: https://www.elibrary.ru/item.asp?id=47534946.	Sokolovskiy V., Miroshkina, O. N., Sanosyan A., Baigutlin D., Buchelnikov V., & Gruner, M. E. (2022). Magnetic and structural properties of co-ni-z (z= al, ga, in, sn) heusler alloys: effect of structural motives and chemical disorder. Journal of Magnetism and Magnetic Materials, 546, 168728. https://www.elibrary.ru/item.asp?id=47534946	eLibrary/RSCI,openalex_api,orcid_public_api,elibrary,scopus
42	2022	8	8	HELICAL SPIN ORDERING IN ROOM-TEMPERATURE METALLIC ANTIFERROMAGNET FE3GA4	Helical spin ordering in room-temperature metallic antiferromagnet fe3ga4	Helical spin ordering in room-temperature metallic antiferromagnet fe3ga4	HELICAL SPIN ORDERING IN ROOM-TEMPERATURE METALLIC ANTIFERROMAGNET FE3GA4	existing_publication	Wilfong B., Fedorko A., Baigutlin D.R., Miroshkina O.N., Zhou X., Stephen G.M., Friedman A.L., Sharma V., Bishop O., Barua R., Bennett S.P., Chung D.Y., Kanatzidis M.G., Buchelnikov V.D., Sokolovskiy V.V., Barbiellini B., Bansil A., Heiman D., Jamer M.E.	Journal of Alloys and Compounds	Journal of Alloys and Compounds	Journal of Alloys and Compounds	existing_publication	917	а	165532-165532	10.1016/j.jallcom.2022.165532	https://www.elibrary.ru/item.asp?id=56173251	Wilfong B., Fedorko A., Baigutlin D.R., Miroshkina O.N., Zhou X., Stephen G.M., Friedman A.L., Sharma V., Bishop O., Barua R., Bennett S.P., Chung D.Y., Kanatzidis M.G., Buchelnikov V.D., Sokolovskiy V.V., Barbiellini B., Bansil A., Heiman D., Jamer M.E. Helical spin ordering in room-temperature metallic antiferromagnet fe3ga4. // Journal of Alloys and Compounds. 2022. Т. 917. С. 165532. URL: https://www.elibrary.ru/item.asp?id=56173251.	Wilfong B., Fedorko A., Baigutlin, D. R., Miroshkina, O. N., Zhou X., Stephen, G. M., Friedman, A. L., Sharma V., & et al. (2022). Helical spin ordering in room-temperature metallic antiferromagnet fe3ga4. Journal of Alloys and Compounds, 917, 165532. https://www.elibrary.ru/item.asp?id=56173251	eLibrary/RSCI,openalex_api,orcid_public_api,elibrary,scopus
43	2022	0	3	Exchange correlation effects in modulated martensitic structures of the Mn2NiGa alloy	Exchange correlation effects in modulated martensitic structures of the Mn2NiGa alloy	Exchange correlation effects in modulated martensitic structures of the Mn2NiGa alloy	Exchange correlation effects in modulated martensitic structures of the Mn2NiGa alloy	existing_publication	Erager K.R., Baigutlin D.R., Sokolovskiy V.V., Buchelnikov V.D.	Physics of Metals and Metallography	Physics of Metals and Metallography	Physics of Metals and Metallography	existing_publication	123	4	375-380	10.1134/S0031918X22040044	https://www.elibrary.ru/item.asp?id=48588250	Erager K.R., Baigutlin D.R., Sokolovskiy V.V., Buchelnikov V.D. Exchange correlation effects in modulated martensitic structures of the Mn2NiGa alloy. // Physics of Metals and Metallography. 2022. Vol. 123. No. 4. P. 375-380. DOI: 10.1134/S0031918X22040044.	Erager, K. R., Baigutlin, D. R., Sokolovskiy, V. V., & Buchelnikov, V. D. (2022). Exchange correlation effects in modulated martensitic structures of the Mn2NiGa alloy. Physics of Metals and Metallography, 123(4), 375–380. https://doi.org/10.1134/S0031918X22040044	DOI,eLibrary/RSCI,openalex_api,orcid_public_api,scopus
	2022			The half-metallic properties of Heusler alloys Mn2ScZ (Z=Al, Si, P, Ga, Ge, As, In, Sn, Sb): ab initio study	The half-metallic properties of Heusler alloys Mn2ScZ (Z=Al, Si, P, Ga, Ge, As, In, Sn, Sb): ab initio study		The half-metallic properties of Heusler alloys Mn2ScZ (Z=Al, Si, P, Ga, Ge, As, In, Sn, Sb): ab initio study		Baigutlin D. R., Sokolovskiy V. V., Miroshkina O. N., Buchelnikov V. D.	Physics of the Solid State	Physics of the Solid State	Physics of the Solid State		63	13	2082-2082	10.21883/pss.2022.13.53975.18s	https://openalex.org/W4320082123			openalex_api
1	2021	0		ВЛИЯНИЕ ОБМЕННО-КОРРЕЛЯЦИОННЫХ ЭФФЕКТОВ НА МАГНИТНЫЕ МАГНИТОКАЛОРИЧЕСКИЕ СВОЙСТВА СПЛАВА FE-RH	Влияние обменно-корреляционных эффектов на магнитные магнитокалорические свойства сплава Fe-Rh	Влияние обменно-корреляционных эффектов на магнитные магнитокалорические свойства сплава Fe-Rh	Effect of exchange-correlation effects on magnetic magnetocaloric properties of Fe-Rh alloy	argos_translate_ru_en	Соколовский В.В., Павлухина О.О., Байгутлин Д.Р., Бучельников В.Д.	Ы	Ы				17-72-20022	54-56		https://www.elibrary.ru/item.asp?id=47299674	Соколовский В.В., Павлухина О.О., Байгутлин Д.Р., Бучельников В.Д. Влияние обменно-корреляционных эффектов на магнитные магнитокалорические свойства сплава Fe-Rh. // В сборнике: Дни калорики в Челябинске: функциональные материалы и их приложения. Сборник тезисов. Челябинск, 2021. С. 54-56. URL: https://www.elibrary.ru/item.asp?id=47299674.	Sokolovskii, V. V., Pavlukhina, O. O., Baigutlin, D. R., & Buchelnikov, V. D. (2021). Vliyanie obmenno-korrelyatsionnykh effektov na magnitnye magnitokaloricheskie svoistva splava Fe-Rh. V sbornike: Dni kaloriki v Chelyabinske: funktsionalnye materialy i ikh prilozheniya. Sbornik tezisov. Chelyabinsk,, 54–56. https://www.elibrary.ru/item.asp?id=47299674	eLibrary/RSCI,elibrary
44	2021	4		ПЕРВОПРИНЦИПНОЕ ИСЛЕДОВАНИЕ ПОЛУМЕТАЛЛИЧЕСКИХ СВОЙСТВ СПЛАВОВ ГЕЙСЛЕРА MN 2 SCZ (Z=AL, SI, P, GA, GE, AS, IN, SN, SB)	Первопринципное иследование полуметаллических свойств сплавов Гейслера mn 2 scz (z=al, si, p, ga, ge, as, in, sn, sb)	Первопринципное иследование полуметаллических свойств сплавов Гейслера mn 2 scz (z=al, si, p, ga, ge, as, in, sn, sb)	Primary study of semi-metallic properties of Geisler alloys mn 2 scz (z=al, si, p, ga, ge, as, in, sn, sb)	argos_translate_ru_en	Байгутлин Д.Р., Соколовский В.В., Мирошкина О.Н., Бучельников В.Д.	Physics of the Solid State	Физика твердого тела	Physics of the Solid State	existing_publication	63	11	1751-1751	10.21883/ftt.2021.11.51572.18s	https://www.elibrary.ru/item.asp?id=46636883	Байгутлин Д.Р., Соколовский В.В., Мирошкина О.Н., Бучельников В.Д. Первопринципное иследование полуметаллических свойств сплавов Гейслера mn 2 scz (z=al, si, p, ga, ge, as, in, sn, sb). // Физика твердого тела. 2021. Т. 63. № 11. С. 1751-1757. URL: https://www.elibrary.ru/item.asp?id=46636883.	Baigutlin, D. R., Sokolovskii, V. V., Miroshkina, O. N., & Buchelnikov, V. D. (2021). Pervoprintsipnoe isledovanie polumetallicheskikh svoistv splavov Geislera mn 2 scz (z=al, si, p, ga, ge, as, in, sn, sb). Fizika tverdogo tela, 63(11), 1751–1757. https://www.elibrary.ru/item.asp?id=46636883	eLibrary/RSCI,openalex_api,elibrary
45	2021	0		МАГНИТНЫЕ СВОЙСТВА ПОЛУМЕТАЛЛИЧЕСКОГО СПЛАВА MN2VGE	Магнитные свойства полуметаллического сплава mn2vge	Магнитные свойства полуметаллического сплава mn2vge	Magnetic properties of semimetallic alloy mn2vge	argos_translate_ru_en	Байгутлин Д.Р., Соколовский В.В., Мирошкина О.Н., Бучельников В.Д.	Ы	Ы				20-42-740006	7-9		https://www.elibrary.ru/item.asp?id=47299611	Байгутлин Д.Р., Соколовский В.В., Мирошкина О.Н., Бучельников В.Д. Магнитные свойства полуметаллического сплава mn2vge. // В сборнике: Дни калорики в Челябинске: функциональные материалы и их приложения. Сборник тезисов. Челябинск, 2021. С. 7-9. URL: https://www.elibrary.ru/item.asp?id=47299611.	Baigutlin, D. R., Sokolovskii, V. V., Miroshkina, O. N., & Buchelnikov, V. D. (2021). Magnitnye svoistva polumetallicheskogo splava mn2vge. V sbornike: Dni kaloriki v Chelyabinske: funktsionalnye materialy i ikh prilozheniya. Sbornik tezisov. Chelyabinsk,, 7–9. https://www.elibrary.ru/item.asp?id=47299611	eLibrary/RSCI,elibrary
46	2021	14	10	PREDICTION OF A HEUSLER ALLOY WITH SWITCHABLE METAL-TO-HALF-METAL BEHAVIOR	Prediction of a heusler alloy with switchable metal-to-half-metal behavior	Prediction of a heusler alloy with switchable metal-to-half-metal behavior	PREDICTION OF A HEUSLER ALLOY WITH SWITCHABLE METAL-TO-HALF-METAL BEHAVIOR	existing_publication	Buchelnikov V.D., Sokolovskiy V.V., Miroshkina O.N., Baigutlin D.R., Zagrebin M.A., Barbiellini B., Lähderanta E.	Physical Review B	Physical Review B	Physical Review B	existing_publication	103	5	054414	10.1103/physrevb.103.054414	https://www.elibrary.ru/item.asp?id=46744881	Buchelnikov V.D., Sokolovskiy V.V., Miroshkina O.N., Baigutlin D.R., Zagrebin M.A., Barbiellini B., Lähderanta E. Prediction of a heusler alloy with switchable metal-to-half-metal behavior. // Physical Review B. 2021. Т. 103. № 5. С. 054414. URL: https://www.elibrary.ru/item.asp?id=46744881.	Buchelnikov, V. D., Sokolovskiy, V. V., Miroshkina, O. N., Baigutlin, D. R., Zagrebin, M. A., Barbiellini B., & Lähderanta E. (2021). Prediction of a heusler alloy with switchable metal-to-half-metal behavior. Physical Review B, 103(5), 054414. https://www.elibrary.ru/item.asp?id=46744881	eLibrary/RSCI,crossref_api,openalex_api,orcid_public_api,elibrary,scopus
47	2021	3	4	PHASE TRANSITIONS IN FE-(23−24)GA ALLOYS: EXPERIMENTAL RESULTS AND MODELING	Phase transitions in fe-(23−24)ga alloys: experimental results and modeling	Phase transitions in fe-(23−24)ga alloys: experimental results and modeling	PHASE TRANSITIONS IN FE-(23−24)GA ALLOYS: EXPERIMENTAL RESULTS AND MODELING	existing_publication	Pavlukhina O.O., Sokolovskiy V.V., Matyunina M.V., Zagrebin M.A., Miroshkina O.N., Baigutlin D.R., Buchelnikov V.D., Mohamed A.K., Palacheva V.V., Palachev V.A., Balagurov A.M., Golovin I.S.	Journal of Alloys and Compounds	Journal of Alloys and Compounds	Journal of Alloys and Compounds	existing_publication	885	а	160917-160917	10.1016/j.jallcom.2021.160917	https://www.elibrary.ru/item.asp?id=46955967	Pavlukhina O.O., Sokolovskiy V.V., Matyunina M.V., Zagrebin M.A., Miroshkina O.N., Baigutlin D.R., Buchelnikov V.D., Mohamed A.K., Palacheva V.V., Palachev V.A., Balagurov A.M., Golovin I.S. Phase transitions in fe-(23−24)ga alloys: experimental results and modeling. // Journal of Alloys and Compounds. 2021. Т. 885. С. 160917. URL: https://www.elibrary.ru/item.asp?id=46955967.	Pavlukhina, O. O., Sokolovskiy, V. V., Matyunina, M. V., Zagrebin, M. A., Miroshkina, O. N., Baigutlin, D. R., Buchelnikov, V. D., Mohamed, A. K., & et al. (2021). Phase transitions in fe-(23−24)ga alloys: experimental results and modeling. Journal of Alloys and Compounds, 885, 160917. https://www.elibrary.ru/item.asp?id=46955967	eLibrary/RSCI,openalex_api,orcid_public_api,elibrary,scopus
48	2021	10	6	DESIGN OF A STABLE HEUSLER ALLOY WITH SWITCHABLE METAL-TO-HALF-METAL TRANSITION AT FINITE TEMPERATURE	Design of a stable heusler alloy with switchable metal-to-half-metal transition at finite temperature	Design of a stable heusler alloy with switchable metal-to-half-metal transition at finite temperature	DESIGN OF A STABLE HEUSLER ALLOY WITH SWITCHABLE METAL-TO-HALF-METAL TRANSITION AT FINITE TEMPERATURE	existing_publication	Buchelnikov V.D., Sokolovskiy V.V., Miroshkina O.N., Baigutlin D.R., Zagrebin M.A., Barbiellini B., Lähderanta E., Bansil A., Singh B.	Advanced Theory and Simulations	Advanced Theory and Simulations	Advanced Theory and Simulations	existing_publication	4	11	2100311	10.1002/adts.202100311	https://www.elibrary.ru/item.asp?id=47508871	Buchelnikov V.D., Sokolovskiy V.V., Miroshkina O.N., Baigutlin D.R., Zagrebin M.A., Barbiellini B., Lähderanta E., Bansil A., Singh B. Design of a stable heusler alloy with switchable metal-to-half-metal transition at finite temperature. // Advanced Theory and Simulations. 2021. Т. 4. № 11. С. 2100311. URL: https://www.elibrary.ru/item.asp?id=47508871.	Buchelnikov, V. D., Sokolovskiy, V. V., Miroshkina, O. N., Baigutlin, D. R., Zagrebin, M. A., Barbiellini B., Lähderanta E., Bansil A., & et al. (2021). Design of a stable heusler alloy with switchable metal-to-half-metal transition at finite temperature. Advanced Theory and Simulations, 4(11), 2100311. https://www.elibrary.ru/item.asp?id=47508871	eLibrary/RSCI,openalex_api,orcid_public_api,elibrary,scopus
49	2021	8	9	A TERNARY MAP OF NI–MN–GA HEUSLER ALLOYS FROM AB INITIO CALCULATIONS	A ternary map of ni–mn–ga heusler alloys from ab initio calculations	A ternary map of ni–mn–ga heusler alloys from ab initio calculations	A TERNARY MAP OF NI–MN–GA HEUSLER ALLOYS FROM AB INITIO CALCULATIONS	existing_publication	Sokolovskaya Y., Miroshkina O., Baigutlin D., Sokolovskiy V., Zagrebin M., Buchelnikov V., Zayak A.T.	Metals	Metals	Metals	existing_publication	11	6	973-973	10.3390/met11060973	https://www.elibrary.ru/item.asp?id=46820682	Sokolovskaya Y., Miroshkina O., Baigutlin D., Sokolovskiy V., Zagrebin M., Buchelnikov V., Zayak A.T. A ternary map of ni–mn–ga heusler alloys from ab initio calculations. // Metals. 2021. Т. 11. № 6. URL: https://www.elibrary.ru/item.asp?id=46820682.	Sokolovskaya Y., Miroshkina O., Baigutlin D., Sokolovskiy V., Zagrebin M., Buchelnikov V., & Zayak, A. T. (2021). A ternary map of ni–mn–ga heusler alloys from ab initio calculations. Metals, 11(6). https://www.elibrary.ru/item.asp?id=46820682	eLibrary/RSCI,crossref_api,openalex_api,orcid_public_api,elibrary,scopus
	2021			Prediction of a Heusler alloy with switchable metal-to-half-metal behavior	Prediction of a Heusler alloy with switchable metal-to-half-metal behavior	Prediction of a Heusler alloy with switchable metal-to-half-metal behavior	Prediction of a Heusler alloy with switchable metal-to-half-metal behavior	existing_publication	Buchelnikov, V.D., Sokolovskiy, V.V., Miroshkina, O.N., Baigutlin, D.R., Zagrebin, M.A., Barbiellini, B., Lähderanta, E.	arXiv	arXiv	arXiv	existing_publication				10.48550/arxiv.2102.07447	http://www.scopus.com/inward/record.url?eid=2-s2.0-85170465110&partnerID=MN8TOARS	Buchelnikov, V.D., Sokolovskiy, V.V., Miroshkina, O.N., Baigutlin, D.R., Zagrebin, M.A., Barbiellini, B., Lähderanta, E. Prediction of a Heusler alloy with switchable metal-to-half-metal behavior. // arXiv. — 2021. — DOI: 10.48550/arxiv.2102.07447.	Buchelnikov, V.D., Sokolovskiy, V.V., Miroshkina, O.N., Baigutlin, D.R., Zagrebin, M.A., Barbiellini, B., Lähderanta, & E. (2021). Prediction of a Heusler alloy with switchable metal-to-half-metal behavior. arXiv. https://doi.org/10.48550/arxiv.2102.07447	orcid_public_api
50	2020	6		ФАЗОВЫЕ ПРЕВРАЩЕНИЯ В СПЛАВАХ NI(CO)–MN(CR,C)–(IN,SN): ИССЛЕДОВАНИЕ ИЗ ПЕРВЫХ ПРИНЦИПОВ	Фазовые превращения в сплавах ni(co)–mn(cr, c)–(in, sn): исследование из первых принципов	Фазовые превращения в сплавах ni(co)–mn(cr, c)–(in, sn): исследование из первых принципов	Phase transformations in alloys ni(co)–mn(cr, c)–(in, sn): a study from the first principles	argos_translate_ru_en	Бучельников В.Д., Соколовский В.В., Мирошкина О.Н., Байгутлин Д.Р., Загребин М.А.	Физика металлов и металловедение	Физика металлов и металловедение			121	3	235-242	10.31857/s0015323020020035	https://www.elibrary.ru/item.asp?id=42414178	Бучельников В.Д., Соколовский В.В., Мирошкина О.Н., Байгутлин Д.Р., Загребин М.А. Фазовые превращения в сплавах ni(co)–mn(cr, c)–(in, sn): исследование из первых принципов. // Физика металлов и металловедение. 2020. Т. 121. № 3. С. 235-242. URL: https://www.elibrary.ru/item.asp?id=42414178.	Buchelnikov, V. D., Sokolovskii, V. V., Miroshkina, O. N., Baigutlin, D. R., & Zagrebin, M. A. (2020). Fazovye prevrashcheniya v splavakh ni(co)–mn(cr, c)–(in, sn): issledovanie iz pervykh printsipov. Fizika metallov i metallovedenie, 121(3), 235–242. https://www.elibrary.ru/item.asp?id=42414178	eLibrary/RSCI,openalex_api,elibrary
51	2020	4		КИНЕТИКА ФАЗОВЫХ ПРЕВРАЩЕНИЙ В СПЛАВАХ FE-GA	Кинетика фазовых превращений в сплавах fe-ga	Кинетика фазовых превращений в сплавах fe-ga	Kinetics of phase transformations in Fe-Ga alloys	existing_publication	Павлухина О.О., Соколовский В.В., Бучельников В.Д., Загребин М.А., Матюнина М.В., Мирошкина О.Н., Байгутлин Д.Р.	Челябинский физико-математический журнал	Челябинский физико-математический журнал			5	4-1	471-479	10.47475/2500-0101-2020-15407	https://www.elibrary.ru/item.asp?id=44368971	Павлухина О.О., Соколовский В.В., Бучельников В.Д., Загребин М.А., Матюнина М.В., Мирошкина О.Н., Байгутлин Д.Р. Кинетика фазовых превращений в сплавах fe-ga. // Челябинский физико-математический журнал. 2020. Т. 5. № 4-1. С. 471-479. URL: https://www.elibrary.ru/item.asp?id=44368971.	Pavlukhina, O. O., Sokolovskii, V. V., Buchelnikov, V. D., Zagrebin, M. A., Matyunina, M. V., Miroshkina, O. N., & Baigutlin, D. R. (2020). Kinetika fazovykh prevrashchenii v splavakh fe-ga. Chelyabinskii fiziko-matematicheskii zhurnal, 5(4-1), 471–479. https://www.elibrary.ru/item.asp?id=44368971	eLibrary/RSCI,orcid_public_api,elibrary
52	2020	1	0	TEMPERATURE AND PRESSURE EFFECTS ON THE FERMI SURFACE NESTING IN NI2MNGA	Temperature and pressure effects on the fermi surface nesting in ni2mnga	Temperature and pressure effects on the fermi surface nesting in ni2mnga	TEMPERATURE AND PRESSURE EFFECTS ON THE FERMI SURFACE NESTING IN NI2MNGA	existing_publication	Baigutlin D.R., Sokolovskiy V.V., Miroshkina O.N., Zagrebin M.A., Buchelnikov V.D., Barbiellini B., L¨ahderanta E.	Chelyabinsk Physical and Mathematical Journal	Chelyabinsk Physical and Mathematical Journal	Chelyabinsk Physical and Mathematical Journal	existing_publication	5	1	120-130	10.24411/2500-0101-2020-15110	https://www.elibrary.ru/item.asp?id=42627649	Baigutlin D.R., Sokolovskiy V.V., Miroshkina O.N., Zagrebin M.A., Buchelnikov V.D., Barbiellini B., L¨ahderanta E. Temperature and pressure effects on the fermi surface nesting in ni2mnga. // Chelyabinsk Physical and Mathematical Journal. 2020. Т. 5. № 1. С. 120-130. URL: https://www.elibrary.ru/item.asp?id=42627649.	Baigutlin, D. R., Sokolovskiy, V. V., Miroshkina, O. N., Zagrebin, M. A., Buchelnikov, V. D., Barbiellini B., & L¨ahderanta E. (2020). Temperature and pressure effects on the fermi surface nesting in ni2mnga. Chelyabinsk Physical and Mathematical Journal, 5(1), 120–130. https://www.elibrary.ru/item.asp?id=42627649	eLibrary/RSCI,openalex_api,orcid_public_api,elibrary,scopus
53	2020	5		SUPERCONDUCTING AND ANTIFERROMAGNETIC PROPERTIES OF DUAL-PHASE V 3 GA	Superconducting and antiferromagnetic properties of dual-phase v 3 ga	Superconducting and antiferromagnetic properties of dual-phase v 3 ga	SUPERCONDUCTING AND ANTIFERROMAGNETIC PROPERTIES OF DUAL-PHASE V 3 GA	existing_publication	Jamer M.E., Wilfong B., Naphy J., Buchelnikov V.D., Sokolovskiy V.V., Miroshkina O.N., Zagrebin M.A., Baigutlin D.R., Pulkkinen A., Barbiellini B., Assaf B.A., Lewis L.H., Bansil A., Heiman D.	Applied Physics Letters	Applied Physics Letters	Applied Physics Letters	existing_publication	117	6	062401	10.1063/5.0015535	https://www.elibrary.ru/item.asp?id=45315947	Jamer M.E., Wilfong B., Naphy J., Buchelnikov V.D., Sokolovskiy V.V., Miroshkina O.N., Zagrebin M.A., Baigutlin D.R., Pulkkinen A., Barbiellini B., Assaf B.A., Lewis L.H., Bansil A., Heiman D. Superconducting and antiferromagnetic properties of dual-phase v 3 ga. // Applied Physics Letters. 2020. Т. 117. № 6. С. 062401. URL: https://www.elibrary.ru/item.asp?id=45315947.	Jamer, M. E., Wilfong B., Naphy J., Buchelnikov, V. D., Sokolovskiy, V. V., Miroshkina, O. N., Zagrebin, M. A., Baigutlin, D. R., & et al. (2020). Superconducting and antiferromagnetic properties of dual-phase v 3 ga. Applied Physics Letters, 117(6), 062401. https://www.elibrary.ru/item.asp?id=45315947	eLibrary/RSCI,crossref_api,openalex_api,orcid_public_api,elibrary
54	2020	4	2	STATISTICAL MODEL FOR THE MARTENSITIC TRANSFORMATION SIMULATION IN HEUSLER ALLOYS	Statistical model for the martensitic transformation simulation in heusler alloys	Statistical model for the martensitic transformation simulation in heusler alloys	STATISTICAL MODEL FOR THE MARTENSITIC TRANSFORMATION SIMULATION IN HEUSLER ALLOYS	existing_publication	Miroshkina O.N., Sokolovskiy V.V., Baigutlin D.R., Zagrebin M.A., Taskaev S.V., Buchelnikov V.D.	Physica B: Condensed Matter	Physica B: Condensed Matter	Physica B: Condensed Matter	existing_publication	578	а	411874-411874	10.1016/j.physb.2019.411874	https://www.elibrary.ru/item.asp?id=43215030	Miroshkina O.N., Sokolovskiy V.V., Baigutlin D.R., Zagrebin M.A., Taskaev S.V., Buchelnikov V.D. Statistical model for the martensitic transformation simulation in heusler alloys. // Physica B: Condensed Matter. 2020. Т. 578. С. 411874. URL: https://www.elibrary.ru/item.asp?id=43215030.	Miroshkina, O. N., Sokolovskiy, V. V., Baigutlin, D. R., Zagrebin, M. A., Taskaev, S. V., & Buchelnikov, V. D. (2020). Statistical model for the martensitic transformation simulation in heusler alloys. Physica B: Condensed Matter, 578, 411874. https://www.elibrary.ru/item.asp?id=43215030	eLibrary/RSCI,openalex_api,orcid_public_api,elibrary,scopus
55	2020	0	5	Phase transformations in Ni(Co)-Mn(Cr,C)-(In,Sn) alloys: an ab initio study	Phase transformations in Ni(Co)-Mn(Cr, C)-(In, Sn) alloys: an ab initio study	Phase transformations in Ni(Co)-Mn(Cr, C)-(In, Sn) alloys: an ab initio study	Phase transformations in Ni(Co)-Mn(Cr,C)-(In,Sn) alloys: an ab initio study	existing_publication	Buchelnikov V.D., Sokolovskiy V.V., Miroshkina O.N., Baigutlin D.R., Zagrebin M.A.	Physics of Metals and Metallography	Physics of Metals and Metallography	Physics of Metals and Metallography	existing_publication	121	3	202-209	10.1134/S0031918X20020039	https://www.elibrary.ru/item.asp?id=43297704	Buchelnikov V.D., Sokolovskiy V.V., Miroshkina O.N., Baigutlin D.R., Zagrebin M.A. Phase transformations in Ni(Co)-Mn(Cr, C)-(In, Sn) alloys: an ab initio study. // Physics of Metals and Metallography. 2020. Vol. 121. No. 3. P. 202-209. DOI: 10.1134/S0031918X20020039.	Buchelnikov, V. D., Sokolovskiy, V. V., Miroshkina, O. N., Baigutlin, D. R., & Zagrebin, M. A. (2020). Phase transformations in Ni(Co)-Mn(Cr,C)-(In,Sn) alloys: an ab initio study. Physics of Metals and Metallography, 121(3), 202–209. https://doi.org/10.1134/S0031918X20020039	DOI,eLibrary/RSCI,openalex_api,orcid_public_api,scopus
56	2020	12		EXCHANGE-CORRELATION CORRECTIONS FOR ELECTRONIC PROPERTIES OF HALF-METALLIC CO 2 FESI AND NONMAGNETIC SEMICONDUCTOR COFETIAL	Exchange-correlation corrections for electronic properties of half-metallic co 2 fesi and nonmagnetic semiconductor cofetial	Exchange-correlation corrections for electronic properties of half-metallic co 2 fesi and nonmagnetic semiconductor cofetial	EXCHANGE-CORRELATION CORRECTIONS FOR ELECTRONIC PROPERTIES OF HALF-METALLIC CO 2 FESI AND NONMAGNETIC SEMICONDUCTOR COFETIAL	existing_publication	Miroshkina O.N., Baigutlin D.R., Sokolovskiy V.V., Zagrebin M.A., Buchelnikov V.D., Pulkkinen A., Barbiellini B., Lähderanta E.	Journal of Applied Physics	Journal of Applied Physics	Journal of Applied Physics	existing_publication	127	17	175108	10.1063/5.0006201	https://www.elibrary.ru/item.asp?id=45096288	Miroshkina O.N., Baigutlin D.R., Sokolovskiy V.V., Zagrebin M.A., Buchelnikov V.D., Pulkkinen A., Barbiellini B., Lähderanta E. Exchange-correlation corrections for electronic properties of half-metallic co 2 fesi and nonmagnetic semiconductor cofetial. // Journal of Applied Physics. 2020. Т. 127. № 17. С. 175108. URL: https://www.elibrary.ru/item.asp?id=45096288.	Miroshkina, O. N., Baigutlin, D. R., Sokolovskiy, V. V., Zagrebin, M. A., Buchelnikov, V. D., Pulkkinen A., Barbiellini B., & Lähderanta E. (2020). Exchange-correlation corrections for electronic properties of half-metallic co 2 fesi and nonmagnetic semiconductor cofetial. Journal of Applied Physics, 127(17), 175108. https://www.elibrary.ru/item.asp?id=45096288	eLibrary/RSCI,crossref_api,orcid_public_api,elibrary
57	2020	19	18	ELECTRONIC STRUCTURE BEYOND THE GENERALIZED GRADIENT APPROXIMATION FOR NI2MNGA	Electronic structure beyond the generalized gradient approximation for ni2mnga	Electronic structure beyond the generalized gradient approximation for ni2mnga	ELECTRONIC STRUCTURE BEYOND THE GENERALIZED GRADIENT APPROXIMATION FOR NI2MNGA	existing_publication	Baigutlin D.R., Sokolovskiy V.V., Miroshkina O.N., Zagrebin M.A., Buchelnikov V.D., Nokelainen J., Pulkkinen A., Barbiellini B., Pussi K., Lähderanta E., Zayak A.T.	Physical Review B	Physical Review B	Physical Review B	existing_publication	102	4	045127	10.1103/physrevb.102.045127	https://www.elibrary.ru/item.asp?id=45235515	Baigutlin D.R., Sokolovskiy V.V., Miroshkina O.N., Zagrebin M.A., Buchelnikov V.D., Nokelainen J., Pulkkinen A., Barbiellini B., Pussi K., Lähderanta E., Zayak A.T. Electronic structure beyond the generalized gradient approximation for ni2mnga. // Physical Review B. 2020. Т. 102. № 4. С. 045127. URL: https://www.elibrary.ru/item.asp?id=45235515.	Baigutlin, D. R., Sokolovskiy, V. V., Miroshkina, O. N., Zagrebin, M. A., Buchelnikov, V. D., Nokelainen J., Pulkkinen A., Barbiellini B., & et al. (2020). Electronic structure beyond the generalized gradient approximation for ni2mnga. Physical Review B, 102(4), 045127. https://www.elibrary.ru/item.asp?id=45235515	eLibrary/RSCI,openalex_api,orcid_public_api,elibrary,scopus
58	2020	33	32	COULOMB CORRELATION IN NONCOLLINEAR ANTIFERROMAGNETIC α-MN	Coulomb correlation in noncollinear antiferromagnetic α-mn	Coulomb correlation in noncollinear antiferromagnetic α-mn	COULOMB CORRELATION IN NONCOLLINEAR ANTIFERROMAGNETIC α-MN	existing_publication	Pulkkinen A., Barbiellini B., Nokelainen J., Baigutlin D., Miroshkina O., Pussi K., Lähderanta E., Lane C., Markiewicz R.S., Bansil A., Sokolovskiy V., Zagrebin M., Buchelnikov V., Sun J.	Physical Review B	Physical Review B	Physical Review B	existing_publication	101	7	075115	10.1103/physrevb.101.075115	https://www.elibrary.ru/item.asp?id=43242809	Pulkkinen A., Barbiellini B., Nokelainen J., Baigutlin D., Miroshkina O., Pussi K., Lähderanta E., Lane C., Markiewicz R.S., Bansil A., Sokolovskiy V., Zagrebin M., Buchelnikov V., Sun J. Coulomb correlation in noncollinear antiferromagnetic α-mn. // Physical Review B. 2020. Т. 101. № 7. С. 075115. URL: https://www.elibrary.ru/item.asp?id=43242809.	Pulkkinen A., Barbiellini B., Nokelainen J., Baigutlin D., Miroshkina O., Pussi K., Lähderanta E., Lane C., & et al. (2020). Coulomb correlation in noncollinear antiferromagnetic α-mn. Physical Review B, 101(7), 075115. https://www.elibrary.ru/item.asp?id=43242809	eLibrary/RSCI,openalex_api,orcid_public_api,elibrary,scopus
	2020			Electronic structure beyond the generalized gradient approximation for Ni2MnGa	Electronic structure beyond the generalized gradient approximation for Ni2MnGa	Electronic structure beyond the generalized gradient approximation for Ni2MnGa	Electronic structure beyond the generalized gradient approximation for Ni2MnGa	existing_publication	Baigutlin, D.R., Sokolovskiy, V.V., Miroshkina, O.N., Zagrebin, M.A., Nokelainen, J., Pulkkinen, A., Barbiellini, B., Pussi, K., Lähderanta, E., Buchelnikov, V.D., Zayak, A.T.	arXiv	arXiv	arXiv	existing_publication				10.48550/arxiv.2008.02553	http://www.scopus.com/inward/record.url?eid=2-s2.0-85171221050&partnerID=MN8TOARS	Baigutlin, D.R., Sokolovskiy, V.V., Miroshkina, O.N., Zagrebin, M.A., Nokelainen, J., Pulkkinen, A., Barbiellini, B., Pussi, K., Lähderanta, E., Buchelnikov, V.D., Zayak, A.T. Electronic structure beyond the generalized gradient approximation for Ni2MnGa. // arXiv. — 2020. — DOI: 10.48550/arxiv.2008.02553.	Baigutlin, D.R., Sokolovskiy, V.V., Miroshkina, O.N., Zagrebin, M.A., Nokelainen, J., Pulkkinen, A., Barbiellini, B., Pussi, K., Lähderanta, E., Buchelnikov, V.D., Zayak, & A.T. (2020). Electronic structure beyond the generalized gradient approximation for Ni2MnGa. arXiv. https://doi.org/10.48550/arxiv.2008.02553	orcid_public_api
	2020		10	Exchange-correlation corrections for electronic properties of half-metallic Co2FeSi and nonmagnetic semiconductor CoFeTiAl	Exchange-correlation corrections for electronic properties of half-metallic Co2FeSi and nonmagnetic semiconductor CoFeTiAl	Exchange-correlation corrections for electronic properties of half-metallic Co2FeSi and nonmagnetic semiconductor CoFeTiAl	Exchange-correlation corrections for electronic properties of half-metallic Co2FeSi and nonmagnetic semiconductor CoFeTiAl	existing_publication	Miroshkina O.N.	Journal of Applied Physics	Journal of Applied Physics	Journal of Applied Physics	existing_publication	127	17		10.1063/5.0006201	https://www.scopus.com/record/display.uri?eid=2-s2.0-85097334428	Miroshkina O.N. Exchange-correlation corrections for electronic properties of half-metallic Co2FeSi and nonmagnetic semiconductor CoFeTiAl. // Journal of Applied Physics. — 2020. — Т. 127. — № 17. — DOI: 10.1063/5.0006201.	Miroshkina, O. N. (2020). Exchange-correlation corrections for electronic properties of half-metallic Co2FeSi and nonmagnetic semiconductor CoFeTiAl. Journal of Applied Physics, 127(17). https://doi.org/10.1063/5.0006201	scopus,crossref_api,orcid_public_api
	2020			Exchange-correlation corrections for electronic properties of half:Metallic Co2FeSi and nonmagnetic semiconductor CoFeTiAl	Exchange-correlation corrections for electronic properties of half:Metallic Co2FeSi and nonmagnetic semiconductor CoFeTiAl	Exchange-correlation corrections for electronic properties of half:Metallic Co2FeSi and nonmagnetic semiconductor CoFeTiAl	Exchange-correlation corrections for electronic properties of half:Metallic Co2FeSi and nonmagnetic semiconductor CoFeTiAl	existing_publication	Miroshkina, O.N., Baigutlin, D.R., Sokolovskiy, V.V., Zagrebin, M.A., Pulkkinen, A., Barbiellini, B., Lähderanta, E., Buchelnikov, V.D.	arXiv	arXiv	arXiv	existing_publication				10.48550/arxiv.2005.03383	http://www.scopus.com/inward/record.url?eid=2-s2.0-85169946552&partnerID=MN8TOARS	Miroshkina, O.N., Baigutlin, D.R., Sokolovskiy, V.V., Zagrebin, M.A., Pulkkinen, A., Barbiellini, B., Lähderanta, E., Buchelnikov, V.D. Exchange-correlation corrections for electronic properties of half:Metallic Co2FeSi and nonmagnetic semiconductor CoFeTiAl. // arXiv. — 2020. — DOI: 10.48550/arxiv.2005.03383.	Miroshkina, O.N., Baigutlin, D.R., Sokolovskiy, V.V., Zagrebin, M.A., Pulkkinen, A., Barbiellini, B., Lähderanta, E., Buchelnikov, & V.D. (2020). Exchange-correlation corrections for electronic properties of half:Metallic Co2FeSi and nonmagnetic semiconductor CoFeTiAl. arXiv. https://doi.org/10.48550/arxiv.2005.03383	orcid_public_api
	2020		2	Kinetics of phase transformations in fe-ga alloys	Kinetics of phase transformations in fe-ga alloys	Kinetics of phase transformations in fe-ga alloys	Kinetics of phase transformations in fe-ga alloys	existing_publication	Pavlukhina O.O.	Chelyabinsk Physical and Mathematical Journal	Chelyabinsk Physical and Mathematical Journal	Chelyabinsk Physical and Mathematical Journal	existing_publication	5	4-1	471–479	10.47475/2500-0101-2020-15407	https://www.scopus.com/record/display.uri?eid=2-s2.0-85100293216	Pavlukhina O.O. Kinetics of phase transformations in fe-ga alloys. // Chelyabinsk Physical and Mathematical Journal. — 2020. — Т. 5. — № 4-1. — С. 471–479. — DOI: 10.47475/2500-0101-2020-15407.	Pavlukhina, O. O. (2020). Kinetics of phase transformations in fe-ga alloys. Chelyabinsk Physical and Mathematical Journal, 5(4-1), 471–479. https://doi.org/10.47475/2500-0101-2020-15407	scopus
	2020			Superconducting and antiferromagnetic properties of Dual-Phase V3Ga	Superconducting and antiferromagnetic properties of Dual-Phase V3Ga	Superconducting and antiferromagnetic properties of Dual-Phase V3Ga	Superconducting and antiferromagnetic properties of Dual-Phase V3Ga	existing_publication	Jamer, M.E., Wilfong, B., Buchelnikov, V.D., Sokolovskiy, V.V., Miroshkina, O.N., Zagrebin, M.A., Baigutlin, D.R., Naphy, J., Assaf, B.A., Lewis, L.H., Pulkkinen, A., Barbiellini, B., Bansil, A., Heiman, D.	arXiv	arXiv	arXiv	existing_publication				10.48550/arxiv.2005.14348	http://www.scopus.com/inward/record.url?eid=2-s2.0-85170905737&partnerID=MN8TOARS	Jamer, M.E., Wilfong, B., Buchelnikov, V.D., Sokolovskiy, V.V., Miroshkina, O.N., Zagrebin, M.A., Baigutlin, D.R., Naphy, J., Assaf, B.A., Lewis, L.H., Pulkkinen, A., Barbiellini, B., Bansil, A., Heiman, D. Superconducting and antiferromagnetic properties of Dual-Phase V3Ga. // arXiv. — 2020. — DOI: 10.48550/arxiv.2005.14348.	Jamer, M.E., Wilfong, B., Buchelnikov, V.D., Sokolovskiy, V.V., Miroshkina, O.N., Zagrebin, M.A., Baigutlin, D.R., Naphy, J., Assaf, B.A., Lewis, L.H., Pulkkinen, A., Barbiellini, B., Bansil, A., Heiman, & D. (2020). Superconducting and antiferromagnetic properties of Dual-Phase V3Ga. arXiv. https://doi.org/10.48550/arxiv.2005.14348	orcid_public_api
	2020		4	Superconducting and antiferromagnetic properties of dual-phase V3Ga	Superconducting and antiferromagnetic properties of dual-phase V3Ga	Superconducting and antiferromagnetic properties of dual-phase V3Ga	Superconducting and antiferromagnetic properties of dual-phase V3Ga	existing_publication	Jamer M.E.	Applied Physics Letters	Applied Physics Letters	Applied Physics Letters	existing_publication	117	6		10.1063/5.0015535	https://www.scopus.com/record/display.uri?eid=2-s2.0-85090220369	Jamer M.E. Superconducting and antiferromagnetic properties of dual-phase V3Ga. // Applied Physics Letters. — 2020. — Т. 117. — № 6. — DOI: 10.1063/5.0015535.	Jamer, M. E. (2020). Superconducting and antiferromagnetic properties of dual-phase V3Ga. Applied Physics Letters, 117(6). https://doi.org/10.1063/5.0015535	scopus,crossref_api,openalex_api,orcid_public_api
59	2019	19	20	SEGREGATION TENDENCY OF HEUSLER ALLOYS	Segregation tendency of heusler alloys	Segregation tendency of heusler alloys	SEGREGATION TENDENCY OF HEUSLER ALLOYS	existing_publication	Sokolovskiy V.V., Baigutlin D.R., Buchelnikov V.D., Gruner M.E., Entel P., Acet M., Çaklr A.	Physical Review Materials	Physical Review Materials	Physical Review Materials	existing_publication	3	8	084413	10.1103/physrevmaterials.3.084413	https://www.elibrary.ru/item.asp?id=41639822	Sokolovskiy V.V., Baigutlin D.R., Buchelnikov V.D., Gruner M.E., Entel P., Acet M., Çaklr A. Segregation tendency of heusler alloys. // Physical Review Materials. 2019. Т. 3. № 8. С. 084413. URL: https://www.elibrary.ru/item.asp?id=41639822.	Sokolovskiy, V. V., Baigutlin, D. R., Buchelnikov, V. D., Gruner, M. E., Entel P., Acet M., & Çaklr A. (2019). Segregation tendency of heusler alloys. Physical Review Materials, 3(8), 084413. https://www.elibrary.ru/item.asp?id=41639822	eLibrary/RSCI,openalex_api,orcid_public_api,elibrary,scopus
60	2019	1		AB INITIO CALCULATION OF VACANCY FORMATION ENERGY IN ANTIPEROVSKITE MN 3 GAC	Ab initio calculation of vacancy formation energy in antiperovskite mn 3 gac	Ab initio calculation of vacancy formation energy in antiperovskite mn 3 gac	AB INITIO CALCULATION OF VACANCY FORMATION ENERGY IN ANTIPEROVSKITE MN 3 GAC	existing_publication	Baigutlin D.R., Zagrebin M.A., Sokolovskiy V.V., Buchelnikov V.D.	Bulletin of the South Ural State University series Mathematics Mechanics Physics	Bulletin of the South Ural State University. Series: Mathematics. Mechanics. Physics	Bulletin of the South Ural State University series Mathematics Mechanics Physics	existing_publication	11	2	58-64	10.14529/mmph190208	https://www.elibrary.ru/item.asp?id=37317635	Baigutlin D.R., Zagrebin M.A., Sokolovskiy V.V., Buchelnikov V.D. Ab initio calculation of vacancy formation energy in antiperovskite mn 3 gac. // Bulletin of the South Ural State University. Series: Mathematics. Mechanics. Physics. 2019. Т. 11. № 2. С. 58-64. URL: https://www.elibrary.ru/item.asp?id=37317635.	Baigutlin, D. R., Zagrebin, M. A., Sokolovskiy, V. V., & Buchelnikov, V. D. (2019). Ab initio calculation of vacancy formation energy in antiperovskite mn 3 gac. Bulletin of the South Ural State University. Series: Mathematics. Mechanics. Physics, 11(2), 58–64. https://www.elibrary.ru/item.asp?id=37317635	eLibrary/RSCI,openalex_api,elibrary
	2019			Coulomb correlation in noncollinear antiferromagnetic α-Mn	Coulomb correlation in noncollinear antiferromagnetic α-Mn	Coulomb correlation in noncollinear antiferromagnetic α-Mn	Coulomb correlation in noncollinear antiferromagnetic α-Mn	existing_publication	Pulkkinen, A., Barbiellini, B., Nokelainen, J., Sokolovskiy, V., Baigutlin, D., Miroshkina, O., Zagrebin, M., Buchelnikov, V., Lane, C., Markiewicz, R.S., Bansil, A., Sun, J., Pussi, K., Lähderanta, E.	arXiv	arXiv	arXiv	existing_publication				10.48550/arxiv.1904.10291	http://www.scopus.com/inward/record.url?eid=2-s2.0-85170984486&partnerID=MN8TOARS	Pulkkinen, A., Barbiellini, B., Nokelainen, J., Sokolovskiy, V., Baigutlin, D., Miroshkina, O., Zagrebin, M., Buchelnikov, V., Lane, C., Markiewicz, R.S., Bansil, A., Sun, J., Pussi, K., Lähderanta, E. Coulomb correlation in noncollinear antiferromagnetic α-Mn. // arXiv. — 2019. — DOI: 10.48550/arxiv.1904.10291.	Pulkkinen, A., Barbiellini, B., Nokelainen, J., Sokolovskiy, V., Baigutlin, D., Miroshkina, O., Zagrebin, M., Buchelnikov, V., Lane, C., Markiewicz, R.S., Bansil, A., Sun, J., Pussi, K., Lähderanta, & E. (2019). Coulomb correlation in noncollinear antiferromagnetic α-Mn. arXiv. https://doi.org/10.48550/arxiv.1904.10291	orcid_public_api
56	2018	0		УПРУГИЕ СВОЙСТВА СПЛАВОВ ГЕЙСЛЕРА NI(CO)-MN(CR,C)-IN И NI(CO)-MN(CR,C)-IN	УПРУГИЕ СВОЙСТВА СПЛАВОВ ГЕЙСЛЕРА NI(CO)-MN(CR,C)-IN И NI(CO)-MN(CR,C)-IN	УПРУГИЕ СВОЙСТВА СПЛАВОВ ГЕЙСЛЕРА NI(CO)-MN(CR,C)-IN И NI(CO)-MN(CR,C)-IN	Elastic properties of Geisler alloys NI(CO)-MN(CR,C)-IN and NI(CO)-MN(CR,C)-IN	argos_translate_ru_en	Байгутлин Д.Р., Загребин М.А., Соколовский В.В., Бучельников В.Д.	Ы	Ы			ПАМЯТИ ФОРМЫ. ТРЕТЬЯ МЕЖДУНАРОДНАЯ НАУЧНАЯ КОНФЕРЕНЦИЯ	17-72-20022	61		https://www.elibrary.ru/item.asp?id=35347291	Байгутлин Д.Р., Загребин М.А., Соколовский В.В., Бучельников В.Д. УПРУГИЕ СВОЙСТВА СПЛАВОВ ГЕЙСЛЕРА NI(CO)-MN(CR,C)-IN И NI(CO)-MN(CR,C)-IN. — Челябинский государственный университет. — 2018. — № 17-72-20022. — С. 61. — URL: https://www.elibrary.ru/item.asp?id=35347291.	Baigutlin, D. R., Zagrebin, M. A., Sokolovskii, V. V., & Buchelnikov, V. D. (2018). Elastic properties of Geisler alloys NI(CO)-MN(CR,C)-IN and NI(CO)-MN(CR,C)-IN. Chelyabinskii gosudarstvennyi universitet, (17-72-20022), 61. https://www.elibrary.ru/item.asp?id=35347291	elibrary
61	2018	0		УПРУГИЕ СВОЙСТВА СПЛАВОВ ГЕЙСЛЕРА NI(CO)-MN(CR,C)-IN И NI(CO)-MN(CR,C)-IN	Упругие свойства сплавов Гейслера ni(co)-mn(cr, c)-in и ni(co)-mn(cr, c)-in	Упругие свойства сплавов Гейслера ni(co)-mn(cr, c)-in и ni(co)-mn(cr, c)-in	Elastic properties of Geisler alloys ni(co)-mn(cr, c)-in and ni(co)-mn(cr, c)-in	argos_translate_ru_en	Байгутлин Д.Р., Бучельников В.Д., Соколовский В.В., Загребин М.А.	Ы	Ы				17-72-20022	177		https://www.elibrary.ru/item.asp?id=35377475	Байгутлин Д.Р., Бучельников В.Д., Соколовский В.В., Загребин М.А. Упругие свойства сплавов Гейслера ni(co)-mn(cr, c)-in и ni(co)-mn(cr, c)-in. // В сборнике: Актуальные проблемы микро- и наноэлектроники. Сборник тезисов докладов V Всероссийской научной молодежной конференции с международным участием. Отв. ред. Р.З Бахтизин. 2018. С. 177. URL: https://www.elibrary.ru/item.asp?id=35377475.	Baigutlin, D. R., Buchelnikov, V. D., Sokolovskii, V. V., & Zagrebin, M. A. (2018). Uprugie svoistva splavov Geislera ni(co)-mn(cr, c)-in i ni(co)-mn(cr, c)-in. V sbornike: Aktualnye problemy mikro- i nanoelektroniki. Sbornik tezisov dokladov V Vserossiiskoi nauchnoi molodezhnoi konferentsii s mezhdunarodnym uchastiem. Otv. red. R.Z Bakhtizin, 177. https://www.elibrary.ru/item.asp?id=35377475	eLibrary/RSCI,elibrary
62	2018	1		STRUCTURAL, MAGNETIC AND THERMODYNAMIC PROPERTIES OF MN 3 -X-C (X = GA, SN) COMPOUNDS: AB INITIO STUDY	Structural, magnetic and thermodynamic properties of mn 3 -x-c (x = ga, sn) compounds: ab initio study	Structural, magnetic and thermodynamic properties of mn 3 -x-c (x = ga, sn) compounds: ab initio study	STRUCTURAL, MAGNETIC AND THERMODYNAMIC PROPERTIES OF MN 3 -X-C (X = GA, SN) COMPOUNDS: AB INITIO STUDY	existing_publication	Baygutlin D., Pershukova T., Sokolovskiy V., Zagrebin M., Buchelnikov V.	Physica B: Condensed Matter	Physica B: Condensed Matter	Physica B: Condensed Matter	existing_publication	549	а	94-97	10.1016/j.physb.2017.10.066	https://www.elibrary.ru/item.asp?id=41774940	Baygutlin D., Pershukova T., Sokolovskiy V., Zagrebin M., Buchelnikov V. Structural, magnetic and thermodynamic properties of mn 3 -x-c (x = ga, sn) compounds: ab initio study. // Physica B: Condensed Matter. 2018. Т. 549. С. 94-97. URL: https://www.elibrary.ru/item.asp?id=41774940.	Baygutlin D., Pershukova T., Sokolovskiy V., Zagrebin M., & Buchelnikov V. (2018). Structural, magnetic and thermodynamic properties of mn 3 -x-c (x = ga, sn) compounds: ab initio study. Physica B: Condensed Matter, 549, 94–97. https://www.elibrary.ru/item.asp?id=41774940	eLibrary/RSCI,orcid_public_api,elibrary
	2018			Elastic Properties of Heusler Alloys Ni(Co)-Mn(Cr, C)-In and Ni(Co)-Mn(Cr, C)-Sn	Elastic Properties of Heusler Alloys Ni(Co)-Mn(Cr, C)-In and Ni(Co)-Mn(Cr, C)-Sn	Elastic Properties of Heusler Alloys Ni(Co)-Mn(Cr, C)-In and Ni(Co)-Mn(Cr, C)-Sn	Elastic Properties of Heusler Alloys Ni(Co)-Mn(Cr, C)-In and Ni(Co)-Mn(Cr, C)-Sn	existing_publication	V.V. Sokolovskiy, V.D. Buchelnikov, D.R. Baigutlin, M.A. Zagrebin	SHAPE MEMORY ALLOYS, SMA	SHAPE MEMORY ALLOYS, SMA	SHAPE MEMORY ALLOYS, SMA	existing_publication	9		83-91	10.21741/9781644900017-16	https://publons.com/wos-op/publon/31848118/	V.V. Sokolovskiy, V.D. Buchelnikov, D.R. Baigutlin, M.A. Zagrebin. Elastic Properties of Heusler Alloys Ni(Co)-Mn(Cr, C)-In and Ni(Co)-Mn(Cr, C)-Sn. // SHAPE MEMORY ALLOYS, SMA. — 2018. — Т. 9. — С. 83–91. — DOI: 10.21741/9781644900017-16.	V.V. Sokolovskiy, V.D. Buchelnikov, D.R. Baigutlin, & M.A. Zagrebin (2018). Elastic Properties of Heusler Alloys Ni(Co)-Mn(Cr, C)-In and Ni(Co)-Mn(Cr, C)-Sn. SHAPE MEMORY ALLOYS, SMA, 9, 83–91. https://doi.org/10.21741/9781644900017-16	orcid_public_api,openalex_api
63	2017	0		LARGE CHANGE OF MAGNETIC MOMENT IN NI 13 CO 3 MN 13 SN 3 AND NI 13 CO 3 MN 13 SN 2 AL 1 HEUSLER ALLOYS AT MARTENSITIC TRANSITIONS: INVESTIGATION FROM FIRST PRINCIPLES	Large change of magnetic moment in ni 13 co 3 mn 13 sn 3 and ni 13 co 3 mn 13 sn 2 al 1 heusler alloys at martensitic transitions: investigation from first principles	Large change of magnetic moment in ni 13 co 3 mn 13 sn 3 and ni 13 co 3 mn 13 sn 2 al 1 heusler alloys at martensitic transitions: investigation from first principles	LARGE CHANGE OF MAGNETIC MOMENT IN NI 13 CO 3 MN 13 SN 3 AND NI 13 CO 3 MN 13 SN 2 AL 1 HEUSLER ALLOYS AT MARTENSITIC TRANSITIONS: INVESTIGATION FROM FIRST PRINCIPLES	existing_publication	Buchelnikov V., Sokolovskiy V., Zagrebin M.A., Baygutlin D.	Ы	Ы	2017 IEEE International Magnetics Conference (INTERMAG)	crossref_api			8007735	10.1109/intmag.2017.8007735	https://www.elibrary.ru/item.asp?id=31049682	Buchelnikov V., Sokolovskiy V., Zagrebin M.A., Baygutlin D. Large change of magnetic moment in ni 13 co 3 mn 13 sn 3 and ni 13 co 3 mn 13 sn 2 al 1 heusler alloys at martensitic transitions: investigation from first principles. // В сборнике: 2017 IEEE International Magnetics Conference, INTERMAG 2017. 2017. С. 8007735. URL: https://www.elibrary.ru/item.asp?id=31049682.	Buchelnikov V., Sokolovskiy V., Zagrebin, M. A., & Baygutlin D. (2017). Large change of magnetic moment in ni 13 co 3 mn 13 sn 3 and ni 13 co 3 mn 13 sn 2 al 1 heusler alloys at martensitic transitions: investigation from first principles. V sbornike:, 8007735. https://www.elibrary.ru/item.asp?id=31049682	eLibrary/RSCI,elibrary
